-- MariaDB dump 10.19  Distrib 10.4.32-MariaDB, for Win64 (AMD64)
--
-- Host: localhost    Database: lebanese_auto_hub
-- ------------------------------------------------------
-- Server version	10.4.32-MariaDB

/*!40101 SET @OLD_CHARACTER_SET_CLIENT=@@CHARACTER_SET_CLIENT */;
/*!40101 SET @OLD_CHARACTER_SET_RESULTS=@@CHARACTER_SET_RESULTS */;
/*!40101 SET @OLD_COLLATION_CONNECTION=@@COLLATION_CONNECTION */;
/*!40101 SET NAMES utf8mb4 */;
/*!40103 SET @OLD_TIME_ZONE=@@TIME_ZONE */;
/*!40103 SET TIME_ZONE='+00:00' */;
/*!40014 SET @OLD_UNIQUE_CHECKS=@@UNIQUE_CHECKS, UNIQUE_CHECKS=0 */;
/*!40014 SET @OLD_FOREIGN_KEY_CHECKS=@@FOREIGN_KEY_CHECKS, FOREIGN_KEY_CHECKS=0 */;
/*!40101 SET @OLD_SQL_MODE=@@SQL_MODE, SQL_MODE='NO_AUTO_VALUE_ON_ZERO' */;
/*!40111 SET @OLD_SQL_NOTES=@@SQL_NOTES, SQL_NOTES=0 */;

--
-- Table structure for table `__drizzle_migrations`
--

DROP TABLE IF EXISTS `__drizzle_migrations`;
/*!40101 SET @saved_cs_client     = @@character_set_client */;
/*!40101 SET character_set_client = utf8 */;
CREATE TABLE `__drizzle_migrations` (
  `id` bigint(20) unsigned NOT NULL AUTO_INCREMENT,
  `hash` text NOT NULL,
  `created_at` bigint(20) DEFAULT NULL,
  PRIMARY KEY (`id`)
) ENGINE=InnoDB AUTO_INCREMENT=7 DEFAULT CHARSET=utf8mb4 COLLATE=utf8mb4_general_ci;
/*!40101 SET character_set_client = @saved_cs_client */;

--
-- Dumping data for table `__drizzle_migrations`
--

LOCK TABLES `__drizzle_migrations` WRITE;
/*!40000 ALTER TABLE `__drizzle_migrations` DISABLE KEYS */;
INSERT INTO `__drizzle_migrations` VALUES (1,'814a08e40d7fc2bcfd458759d18319198ca8ae394f2fa15617a78678e9c9c93b',1770478297531),(2,'b43610a5d93a0c3501b9d3db617eb4f7909858ca473cbe1d8d5c865bf7add49a',1770478487117),(3,'4c1eb8d7766721f0fab9f22cfc29489e14621896b39eb91463ab24ed6b265632',1771276765496),(4,'8cde7fe024e7c09d73060e63f2d8f812d78222aff279420d089ffc33e2f68084',1773235796603),(5,'1da157b3fc40b9d6341093b3fd4dc74f77fc2ad75e8e2510c64aeb94fc07bea0',1774564330555),(6,'77e34894a759dfebff091e7a6e5e29cb2a84c51d302f2b5df9d40b2fc2eabaa2',1774998623821);
/*!40000 ALTER TABLE `__drizzle_migrations` ENABLE KEYS */;
UNLOCK TABLES;

--
-- Table structure for table `carimages`
--

DROP TABLE IF EXISTS `carimages`;
/*!40101 SET @saved_cs_client     = @@character_set_client */;
/*!40101 SET character_set_client = utf8 */;
CREATE TABLE `carimages` (
  `id` int(11) NOT NULL AUTO_INCREMENT,
  `carId` int(11) NOT NULL,
  `imageUrl` varchar(500) NOT NULL,
  `imageKey` varchar(500) NOT NULL,
  `isPrimary` tinyint(1) NOT NULL DEFAULT 0,
  `order` int(11) NOT NULL DEFAULT 0,
  `createdAt` timestamp NOT NULL DEFAULT current_timestamp(),
  PRIMARY KEY (`id`)
) ENGINE=InnoDB AUTO_INCREMENT=210009 DEFAULT CHARSET=utf8mb4 COLLATE=utf8mb4_general_ci;
/*!40101 SET character_set_client = @saved_cs_client */;

--
-- Dumping data for table `carimages`
--

LOCK TABLES `carimages` WRITE;
/*!40000 ALTER TABLE `carimages` DISABLE KEYS */;
INSERT INTO `carimages` VALUES (1,150020,'https://d2xsxph8kpxj0f.cloudfront.net/310519663339862076/evyxGfb7CLZCkMC4ioB4FS/cars/150020/image-1773681963332-0.jpeg','cars/150020/image-1773681963332-0.jpeg',1,0,'2026-03-16 19:26:05'),(2,150021,'https://d2xsxph8kpxj0f.cloudfront.net/310519663339862076/evyxGfb7CLZCkMC4ioB4FS/cars/150021/image-1773683534223-0.jpeg','cars/150021/image-1773683534223-0.jpeg',1,0,'2026-03-16 19:52:15'),(3,150021,'https://d2xsxph8kpxj0f.cloudfront.net/310519663339862076/evyxGfb7CLZCkMC4ioB4FS/cars/150021/image-1773683535648-1.jpeg','cars/150021/image-1773683535648-1.jpeg',0,1,'2026-03-16 19:52:16'),(4,150021,'https://d2xsxph8kpxj0f.cloudfront.net/310519663339862076/evyxGfb7CLZCkMC4ioB4FS/cars/150021/image-1773683536979-2.jpeg','cars/150021/image-1773683536979-2.jpeg',0,2,'2026-03-16 19:52:17'),(5,150021,'https://d2xsxph8kpxj0f.cloudfront.net/310519663339862076/evyxGfb7CLZCkMC4ioB4FS/cars/150021/image-1773683537892-3.jpeg','cars/150021/image-1773683537892-3.jpeg',0,3,'2026-03-16 19:52:18'),(60001,300001,'https://d2xsxph8kpxj0f.cloudfront.net/310519663339862076/evyxGfb7CLZCkMC4ioB4FS/cars/300001/image-1774879809055-0.jpeg','cars/300001/image-1774879809055-0.jpeg',1,0,'2026-03-30 15:10:10'),(90001,450002,'https://d2xsxph8kpxj0f.cloudfront.net/310519663339862076/evyxGfb7CLZCkMC4ioB4FS/cars/450002/image-1775857590141-0.jpeg','cars/450002/image-1775857590141-0.jpeg',1,0,'2026-04-10 22:46:32'),(90002,450002,'https://d2xsxph8kpxj0f.cloudfront.net/310519663339862076/evyxGfb7CLZCkMC4ioB4FS/cars/450002/image-1775857592173-1.jpeg','cars/450002/image-1775857592173-1.jpeg',0,1,'2026-04-10 22:46:33'),(120001,480001,'https://d2xsxph8kpxj0f.cloudfront.net/310519663339862076/evyxGfb7CLZCkMC4ioB4FS/cars/480001/image-1775860006835-0.jpeg','cars/480001/image-1775860006835-0.jpeg',1,0,'2026-04-10 23:26:48'),(120002,480001,'https://d2xsxph8kpxj0f.cloudfront.net/310519663339862076/evyxGfb7CLZCkMC4ioB4FS/cars/480001/image-1775860008303-1.jpeg','cars/480001/image-1775860008303-1.jpeg',0,1,'2026-04-10 23:26:48'),(150001,510001,'https://d2xsxph8kpxj0f.cloudfront.net/310519663339862076/evyxGfb7CLZCkMC4ioB4FS/cars/510001/image-1775861415886-0.avif','cars/510001/image-1775861415886-0.avif',1,0,'2026-04-10 23:50:18'),(150002,510001,'https://d2xsxph8kpxj0f.cloudfront.net/310519663339862076/evyxGfb7CLZCkMC4ioB4FS/cars/510001/image-1775861418620-1.avif','cars/510001/image-1775861418620-1.avif',0,1,'2026-04-10 23:50:19'),(150003,510001,'https://d2xsxph8kpxj0f.cloudfront.net/310519663339862076/evyxGfb7CLZCkMC4ioB4FS/cars/510001/image-1775861419606-2.avif','cars/510001/image-1775861419606-2.avif',0,2,'2026-04-10 23:50:20'),(150004,510001,'https://d2xsxph8kpxj0f.cloudfront.net/310519663339862076/evyxGfb7CLZCkMC4ioB4FS/cars/510001/image-1775861420140-3.jpeg','cars/510001/image-1775861420140-3.jpeg',0,3,'2026-04-10 23:50:21'),(150005,510001,'https://d2xsxph8kpxj0f.cloudfront.net/310519663339862076/evyxGfb7CLZCkMC4ioB4FS/cars/510001/image-1775861421370-4.jpeg','cars/510001/image-1775861421370-4.jpeg',0,4,'2026-04-10 23:50:21'),(180001,540001,'https://d2xsxph8kpxj0f.cloudfront.net/310519663339862076/evyxGfb7CLZCkMC4ioB4FS/cars/540001/image-1775862696488-0.webp','cars/540001/image-1775862696488-0.webp',1,0,'2026-04-11 00:11:38'),(180002,540001,'https://d2xsxph8kpxj0f.cloudfront.net/310519663339862076/evyxGfb7CLZCkMC4ioB4FS/cars/540001/image-1775862698401-1.webp','cars/540001/image-1775862698401-1.webp',0,1,'2026-04-11 00:11:38'),(180003,540001,'https://d2xsxph8kpxj0f.cloudfront.net/310519663339862076/evyxGfb7CLZCkMC4ioB4FS/cars/540001/image-1775862698963-2.webp','cars/540001/image-1775862698963-2.webp',0,2,'2026-04-11 00:11:39'),(180004,540001,'https://d2xsxph8kpxj0f.cloudfront.net/310519663339862076/evyxGfb7CLZCkMC4ioB4FS/cars/540001/image-1775862699767-3.webp','cars/540001/image-1775862699767-3.webp',0,3,'2026-04-11 00:11:40'),(180005,540001,'https://d2xsxph8kpxj0f.cloudfront.net/310519663339862076/evyxGfb7CLZCkMC4ioB4FS/cars/540001/image-1775862700527-4.webp','cars/540001/image-1775862700527-4.webp',0,4,'2026-04-11 00:11:40'),(180006,540001,'https://d2xsxph8kpxj0f.cloudfront.net/310519663339862076/evyxGfb7CLZCkMC4ioB4FS/cars/540001/image-1775862701106-5.webp','cars/540001/image-1775862701106-5.webp',0,5,'2026-04-11 00:11:41'),(180007,540001,'https://d2xsxph8kpxj0f.cloudfront.net/310519663339862076/evyxGfb7CLZCkMC4ioB4FS/cars/540001/image-1775862701894-6.webp','cars/540001/image-1775862701894-6.webp',0,6,'2026-04-11 00:11:42'),(210001,570001,'https://d2xsxph8kpxj0f.cloudfront.net/310519663339862076/evyxGfb7CLZCkMC4ioB4FS/cars/570001/image-1775865445790-0.webp','cars/570001/image-1775865445790-0.webp',1,0,'2026-04-11 00:57:27'),(210002,570001,'https://d2xsxph8kpxj0f.cloudfront.net/310519663339862076/evyxGfb7CLZCkMC4ioB4FS/cars/570001/image-1775865447444-1.webp','cars/570001/image-1775865447444-1.webp',0,1,'2026-04-11 00:57:28'),(210003,570001,'https://d2xsxph8kpxj0f.cloudfront.net/310519663339862076/evyxGfb7CLZCkMC4ioB4FS/cars/570001/image-1775865448248-2.webp','cars/570001/image-1775865448248-2.webp',0,2,'2026-04-11 00:57:28'),(210004,570001,'https://d2xsxph8kpxj0f.cloudfront.net/310519663339862076/evyxGfb7CLZCkMC4ioB4FS/cars/570001/image-1775865449016-3.webp','cars/570001/image-1775865449016-3.webp',0,3,'2026-04-11 00:57:29'),(210005,570002,'https://d2xsxph8kpxj0f.cloudfront.net/310519663339862076/evyxGfb7CLZCkMC4ioB4FS/cars/570002/image-1775866211833-0.webp','cars/570002/image-1775866211833-0.webp',1,0,'2026-04-11 01:10:13'),(210006,570002,'https://d2xsxph8kpxj0f.cloudfront.net/310519663339862076/evyxGfb7CLZCkMC4ioB4FS/cars/570002/image-1775866213357-1.webp','cars/570002/image-1775866213357-1.webp',0,1,'2026-04-11 01:10:13'),(210007,570002,'https://d2xsxph8kpxj0f.cloudfront.net/310519663339862076/evyxGfb7CLZCkMC4ioB4FS/cars/570002/image-1775866213983-2.webp','cars/570002/image-1775866213983-2.webp',0,2,'2026-04-11 01:10:14'),(210008,570002,'https://d2xsxph8kpxj0f.cloudfront.net/310519663339862076/evyxGfb7CLZCkMC4ioB4FS/cars/570002/image-1775866214550-3.webp','cars/570002/image-1775866214550-3.webp',0,3,'2026-04-11 01:10:15');
/*!40000 ALTER TABLE `carimages` ENABLE KEYS */;
UNLOCK TABLES;

--
-- Table structure for table `cars`
--

DROP TABLE IF EXISTS `cars`;
/*!40101 SET @saved_cs_client     = @@character_set_client */;
/*!40101 SET character_set_client = utf8 */;
CREATE TABLE `cars` (
  `id` int(11) NOT NULL AUTO_INCREMENT,
  `userId` int(11) DEFAULT NULL,
  `dealerId` int(11) DEFAULT NULL,
  `brand` varchar(100) NOT NULL,
  `model` varchar(100) NOT NULL,
  `carType` varchar(50) NOT NULL,
  `year` int(11) NOT NULL,
  `color` varchar(50) NOT NULL,
  `kilometers` int(11) DEFAULT NULL,
  `condition` enum('new','excellent','good','fair','poor') DEFAULT NULL,
  `price` decimal(12,2) DEFAULT NULL,
  `currency` varchar(10) NOT NULL DEFAULT 'USD',
  `description` text DEFAULT NULL,
  `transmission` varchar(50) DEFAULT NULL,
  `fuelType` varchar(50) DEFAULT NULL,
  `engineSize` varchar(50) DEFAULT NULL,
  `features` text DEFAULT NULL,
  `status` enum('available','sold','pending','reserved') NOT NULL DEFAULT 'available',
  `isExternal` tinyint(1) NOT NULL DEFAULT 0,
  `externalId` varchar(255) DEFAULT NULL,
  `externalUrl` varchar(500) DEFAULT NULL,
  `createdAt` timestamp NOT NULL DEFAULT current_timestamp(),
  `updatedAt` timestamp NOT NULL DEFAULT current_timestamp() ON UPDATE current_timestamp(),
  `sellerName` varchar(255) DEFAULT NULL,
  `sellerPhone` varchar(50) DEFAULT NULL,
  `sellerEmail` varchar(320) DEFAULT NULL,
  `sellerLocation` varchar(255) DEFAULT NULL,
  PRIMARY KEY (`id`)
) ENGINE=InnoDB AUTO_INCREMENT=570003 DEFAULT CHARSET=utf8mb4 COLLATE=utf8mb4_general_ci;
/*!40101 SET character_set_client = @saved_cs_client */;

--
-- Dumping data for table `cars`
--

LOCK TABLES `cars` WRITE;
/*!40000 ALTER TABLE `cars` DISABLE KEYS */;
INSERT INTO `cars` VALUES (150020,1,NULL,'Nissan','Tiida','hatchback',2007,'Silver',430000,'fair',4700.00,'USD','new transmission, new facelift, oil maintenance ','Automatic','Gasoline','2.6L','it got rims ','available',0,NULL,NULL,'2026-03-16 19:25:55','2026-03-30 17:48:59','Raji Ghanem','+961-03963536','ragheedgh.04@gmail.com','Chouf'),(150021,1,NULL,'Honda','Pilot','suv',2013,'Maroun',250000,'good',10200.00,'USD','got a new 2015 engine ','Automatic','Gasoline','3.5L','Leather seats, sunroof, rear camera, sensors  ','available',0,NULL,NULL,'2026-03-16 19:50:46','2026-03-16 19:50:46','Ragheedddddooo','81111111','ragheed@gmail.com','Mount Leb'),(300001,1560039,NULL,'Suzukii','Vitara','suv',2020,'Gray',85000,'fair',16500.00,'USD','really good family car with AWD','Automatic','Gasoline','3.0',NULL,'reserved',0,NULL,NULL,'2026-03-30 15:10:08','2026-03-30 15:10:08','Amar Masri ','+961-11223344','amarmasri2006@gmail.com','Beirut, Lebanon'),(450002,2820011,NULL,'Mercedes Benz','C300 4-matic','sedan',2017,'Gray',112000,'good',17298.00,'USD','AWD, full option, heated/ventilated seats, new tires...','Automatic','Gasoline','2.0 turbo',NULL,'available',0,NULL,NULL,'2026-04-10 22:46:15','2026-04-10 22:46:15','Soha Assaf','71963536','ragheed.ghanem@outlook.com','Jounieh, Lebanon'),(480001,2820011,NULL,'Mercedes Benz','GLC','suv',2016,'Navy',153000,'fair',15700.00,'USD','Need some detailing ','Automatic','Gasoline','2.0 turbo',NULL,'available',0,NULL,NULL,'2026-04-10 23:26:45','2026-04-10 23:26:45','Soha Assaf','71963536','ragheed.ghanem@outlook.com','Jounieh, Lebanon'),(510001,4050016,NULL,'BMW','328i','sedan',2014,'White',160000,'good',13500.00,'USD','very good car, price is negotiable','Automatic','Gasoline','2.0 turbo',NULL,'available',0,NULL,NULL,'2026-04-10 23:50:10','2026-04-10 23:50:10','Antoun Aatalla ','79302194','antoun.atallah@lau.edu','Brummana'),(540001,4050016,NULL,'BMW','520i X-drive','sedan',2020,'Black',112000,'excellent',24000.00,'USD','BMW 520i M-KIT, SPEC: GCC, Black/Black','Automatic','Gasoline','2.0 turbo',NULL,'available',0,NULL,NULL,'2026-04-11 00:11:29','2026-04-11 00:11:29','Antoun Aatalla ','79302194','antoun.atallah@lau.edu','North Lebanon'),(570001,4140001,NULL,'Toyota','Land Cruiser ','suv',2018,'Black',140000,'good',36998.00,'USD','exterior look 2023 original with new interior, FWD','Automatic','Gasoline','4.0',NULL,'available',0,NULL,NULL,'2026-04-11 00:57:23','2026-04-11 00:57:23','Jad Narsh','81796368','jad.n@gmail.com','Beiteddine, Mount Lebanon'),(570002,4140001,NULL,'Nissan','Sentra','sedan',2014,'Silver',110000,'fair',11300.00,'USD','Very good for daily use, fuel efficiency, good milage ','Automatic','Gasoline','1.6',NULL,'available',0,NULL,NULL,'2026-04-11 01:10:11','2026-04-11 01:10:11','Jad Narsh','81796368','jad.n@gmail.com','Mount Lebanon');
/*!40000 ALTER TABLE `cars` ENABLE KEYS */;
UNLOCK TABLES;

--
-- Table structure for table `chatconversations`
--

DROP TABLE IF EXISTS `chatconversations`;
/*!40101 SET @saved_cs_client     = @@character_set_client */;
/*!40101 SET character_set_client = utf8 */;
CREATE TABLE `chatconversations` (
  `id` int(11) NOT NULL AUTO_INCREMENT,
  `userId` int(11) DEFAULT NULL,
  `sessionId` varchar(255) NOT NULL,
  `status` enum('active','completed') NOT NULL DEFAULT 'active',
  `createdAt` timestamp NOT NULL DEFAULT current_timestamp(),
  `updatedAt` timestamp NOT NULL DEFAULT current_timestamp() ON UPDATE current_timestamp(),
  PRIMARY KEY (`id`)
) ENGINE=InnoDB AUTO_INCREMENT=180005 DEFAULT CHARSET=utf8mb4 COLLATE=utf8mb4_general_ci;
/*!40101 SET character_set_client = @saved_cs_client */;

--
-- Dumping data for table `chatconversations`
--

LOCK TABLES `chatconversations` WRITE;
/*!40000 ALTER TABLE `chatconversations` DISABLE KEYS */;
INSERT INTO `chatconversations` VALUES (1,1,'test-session-1770479019376','active','2026-02-07 18:43:39','2026-02-07 18:43:39'),(2,1,'test-session-1770479047957','active','2026-02-07 18:44:08','2026-02-07 18:44:08'),(30001,1,'session-1770483011638-0e3gumtdm','active','2026-02-07 19:50:40','2026-02-07 19:50:40'),(60001,1,'session-1770649310238-v91tz1wbe','active','2026-02-09 18:02:24','2026-02-09 18:02:24'),(90001,1,'test-session-1771276956582','active','2026-02-17 00:22:36','2026-02-17 00:22:36'),(90002,1,'test-session-1771276980725','active','2026-02-17 00:23:01','2026-02-17 00:23:01'),(120001,1,'test-session-1772836566467','active','2026-03-07 01:36:06','2026-03-07 01:36:06'),(120002,1,'test-session-1772836599685','active','2026-03-07 01:36:40','2026-03-07 01:36:40'),(120003,1,'test-session-1772836627751','active','2026-03-07 01:37:08','2026-03-07 01:37:08'),(120004,1,'test-session-1772836642825','active','2026-03-07 01:37:23','2026-03-07 01:37:23'),(120005,1,'test-session-1772836660732','active','2026-03-07 01:37:41','2026-03-07 01:37:41'),(120006,1,'test-session-1772836685583','active','2026-03-07 01:38:05','2026-03-07 01:38:05'),(120007,1,'test-session-1772837350054','active','2026-03-07 01:49:10','2026-03-07 01:49:10'),(150001,1,'test-session-1773234742884','active','2026-03-11 15:12:23','2026-03-11 15:12:23'),(150002,1,'test-session-1773234791114','active','2026-03-11 15:13:11','2026-03-11 15:13:11'),(150003,1,'test-session-1773234884242','active','2026-03-11 15:14:44','2026-03-11 15:14:44'),(150004,1,'test-session-1773234936939','active','2026-03-11 15:15:37','2026-03-11 15:15:37'),(150005,1,'test-session-1773234962162','active','2026-03-11 15:16:02','2026-03-11 15:16:02'),(150006,1,'test-session-1773235059323','active','2026-03-11 15:17:39','2026-03-11 15:17:39'),(150007,1,'test-session-1773235969599','active','2026-03-11 15:32:49','2026-03-11 15:32:49'),(180001,1,'test-session-1773681329559','active','2026-03-16 19:15:29','2026-03-16 19:15:29'),(180002,1,'test-session-1773681601639','active','2026-03-16 19:20:01','2026-03-16 19:20:01'),(180003,1,'test-session-1773681725265','active','2026-03-16 19:22:05','2026-03-16 19:22:05'),(180004,1,'test-session-1773683542953','active','2026-03-16 19:52:23','2026-03-16 19:52:23');
/*!40000 ALTER TABLE `chatconversations` ENABLE KEYS */;
UNLOCK TABLES;

--
-- Table structure for table `chatmessages`
--

DROP TABLE IF EXISTS `chatmessages`;
/*!40101 SET @saved_cs_client     = @@character_set_client */;
/*!40101 SET character_set_client = utf8 */;
CREATE TABLE `chatmessages` (
  `id` int(11) NOT NULL AUTO_INCREMENT,
  `conversationId` int(11) NOT NULL,
  `role` enum('user','assistant') NOT NULL,
  `content` text NOT NULL,
  `metadata` text DEFAULT NULL,
  `createdAt` timestamp NOT NULL DEFAULT current_timestamp(),
  PRIMARY KEY (`id`)
) ENGINE=InnoDB AUTO_INCREMENT=180009 DEFAULT CHARSET=utf8mb4 COLLATE=utf8mb4_general_ci;
/*!40101 SET character_set_client = @saved_cs_client */;

--
-- Dumping data for table `chatmessages`
--

LOCK TABLES `chatmessages` WRITE;
/*!40000 ALTER TABLE `chatmessages` DISABLE KEYS */;
INSERT INTO `chatmessages` VALUES (1,1,'user','I\'m looking for a family SUV',NULL,'2026-02-07 18:43:40'),(2,2,'user','I\'m looking for a family SUV',NULL,'2026-02-07 18:44:08'),(3,2,'assistant','Great! A family SUV is a popular choice here in Lebanon. To help me find the perfect one for you, could you tell me a bit more about what you\'re looking for?\n\nFor starters:\n1.  Do you have any **preferred brands** in mind? (e.g., Toyota, Hyundai, Kia, BMW, Mercedes, etc.)\n2.  What\'s your approximate **budget range**?\n3.  Are you looking for a **new or used** SUV, and if used, what **year range** are you considering?\n4.  How many **seats** do you typically need (5 or 7-seater)?\n\nOnce I have this, I can start narrowing down the options!',NULL,'2026-02-07 18:44:13'),(30001,30001,'user','I\'m looking for a new Mercedes c-class',NULL,'2026-02-07 19:50:41'),(30002,30001,'assistant','Ah, the Mercedes C-Class! An excellent choice, known for its luxury and performance.\n\nTo help me find the perfect one for you, could you tell me a bit more about what you\'re looking for?\n\n1.  **What year range** are you considering? (e.g., 2018-2023)\n2.  Are you looking for a **sedan, coupe, or convertible**?\n3.  What\'s your **budget range** for this car?\n4.  Do you have any specific **color preferences**?\n5.  And finally, what will be the **primary use** for the car? (e.g., daily commute, family car, weekend drives)\n\nOnce I have this, I can check our inventory for the best matches!',NULL,'2026-02-07 19:50:46'),(30003,30001,'user','Show me luxury sedans from 2017 or newer',NULL,'2026-02-07 19:51:32'),(30004,30001,'assistant','Okay, broadening our search to luxury sedans from 2017 or newer! That opens up a fantastic range of options.\n\nTo help me narrow it down further and find the best fit for you, could you please tell me:\n\n1.  Do you have any **specific brands** in mind besides Mercedes (e.g., BMW, Audi, Lexus, etc.)?\n2.  What\'s your **budget range** for this luxury sedan?\n3.  Are there any **color preferences** you have?\n4.  And what will be the **primary use** for the car? (e.g., daily commute, family car, weekend drives)\n\nOnce I have these details, I can show you some excellent choices from our inventory!',NULL,'2026-02-07 19:51:37'),(30005,30001,'user','BMW',NULL,'2026-02-07 19:51:45'),(30006,30001,'assistant','Great! BMW is another fantastic choice for luxury sedans.\n\nSo, we\'re looking for a **BMW luxury sedan, 2017 or newer**.\n\nTo refine this further, could you please tell me:\n\n1.  What\'s your **budget range** for this BMW sedan?\n2.  Do you have any **specific color preferences**?\n3.  And what will be the **primary use** for the car? (e.g., daily commute, family car, weekend drives)\n\nOnce I have these details, I can check our current inventory for available BMW luxury sedans that match your criteria!',NULL,'2026-02-07 19:51:49'),(30007,30001,'user','black',NULL,'2026-02-07 19:51:58'),(30008,30001,'assistant','Got it! A **black BMW luxury sedan, 2017 or newer**. That\'s a classic and stylish combination!\n\nTo help me find the perfect one for you, just two more quick questions:\n\n1.  What\'s your **budget range** for this car?\n2.  And what will be the **primary use** for the car? (e.g., daily commute, family car, weekend drives)\n\nOnce I have these, I\'ll dive into our inventory and see what black BMW sedans we have that fit your needs!',NULL,'2026-02-07 19:52:02'),(30009,30001,'user','20k budget for a daily used car',NULL,'2026-02-07 19:52:17'),(30010,30001,'assistant','Okay, a **black BMW luxury sedan, 2017 or newer, for daily use, with a budget of $20,000.**\n\nThat\'s a very clear picture!\n\nGiven the criteria of a 2017 or newer BMW luxury sedan, a $20,000 budget might be quite challenging to meet, especially for models typically found in the Lebanese market. Luxury sedans from 2017 onwards, even used, generally start at a higher price point.\n\nWould you be open to:\n1.  **Considering an older model year** (e.g., 2014-2016) to stay within the $20k budget for a BMW luxury sedan?\n2.  **Slightly increasing your budget** to accommodate a 2017+ model?\n3.  **Exploring other luxury brands** that might offer 2017+ sedans closer to the $20k mark?\n\nLet me know what you think, and I\'ll do my best to find some great options for you!',NULL,'2026-02-07 19:52:23'),(30011,30001,'user','thanks',NULL,'2026-02-07 19:52:35'),(30012,30001,'assistant','You\'re welcome!\n\nSo, regarding the black BMW luxury sedan for daily use:\n\nGiven that a **2017 or newer BMW luxury sedan** is generally above the **$20,000 budget** in our market, which of these options would you prefer to explore?\n\n1.  **Considering an older model year** (e.g., 2014-2016) to stay within the $20k budget for a BMW luxury sedan?\n2.  **Slightly increasing your budget** to accommodate a 2017+ model?\n3.  **Exploring other luxury brands** that might offer 2017+ sedans closer to the $20k mark?\n\nLet me know which direction you\'d like to go, and I\'ll check our inventory accordingly!',NULL,'2026-02-07 19:52:40'),(60001,60001,'user','I want a good reliable car as my first car. what do you recommend',NULL,'2026-02-09 18:02:25'),(60002,60001,'assistant','That\'s exciting! Getting your first car is a big step. To help me recommend the perfect reliable car for you, could you tell me a bit more about what you\'re looking for?\n\nFor example:\n*   Do you have any **brands or models** in mind, or any you\'d prefer to avoid?\n*   What **type of car** are you thinking of – a compact sedan, a small SUV, something else?\n*   What\'s your approximate **budget range**?\n*   And how will you primarily be using the car – for daily commutes, family, weekend trips, etc.?\n\nOnce I have a better idea, I can help you find some great options!',NULL,'2026-02-09 18:02:30'),(60003,60001,'user','mercedes c300',NULL,'2026-02-09 18:03:14'),(60004,60001,'assistant','Ah, the Mercedes C300! Excellent choice – known for its blend of luxury, performance, and reliability.\n\nTo help me narrow down the perfect C300 for you, could you also tell me:\n\n*   What **year range** are you considering for the C300?\n*   Do you have any **color preferences**?\n*   What\'s your approximate **budget range** for this car?\n*   And how will you primarily be **using the car** – for daily commutes, city driving, longer trips, etc.?\n\nOnce I have these details, I can check our current inventory for available Mercedes C300 models that match your criteria!',NULL,'2026-02-09 18:03:18'),(60005,60001,'user','my budget is 17000 usd',NULL,'2026-02-09 18:03:38'),(60006,60001,'assistant','Okay, $17,000 USD is a clear budget. That\'s helpful!\n\nConsidering a Mercedes C300 with that budget, we\'ll likely be looking at slightly older models, which can still be fantastic and reliable cars.\n\nTo refine our search further for a C300 that fits your budget, could you also tell me:\n\n*   What **year range** are you hoping for?\n*   Do you have any **color preferences**?\n*   And how will you primarily be **using the car** – for daily commutes, city driving, longer trips, etc.?\n\nOnce I have these details, I can check our inventory for available Mercedes C300s within your budget and preferences!',NULL,'2026-02-09 18:03:43'),(90001,90001,'user','I\'m looking for a family SUV',NULL,'2026-02-17 00:22:37'),(90002,90001,'assistant','That\'s great! A family SUV is a fantastic choice for versatility and space. To help me find the perfect one for you, could you tell me a bit more about what you\'re looking for?\n\nFor example:\n*   Do you have any **preferred brands** in mind?\n*   What\'s your **budget range** for the car?\n*   Are you looking for a **new or used** SUV, and what **year range** would you prefer?\n*   How many **seats** do you typically need (5-seater, 7-seater)?\n*   Any specific **colors** you like or dislike?\n\nOnce I have a better idea, I can start filtering our inventory for you!',NULL,'2026-02-17 00:22:41'),(90003,90002,'user','I\'m looking for a family SUV',NULL,'2026-02-17 00:23:01'),(90004,90002,'assistant','Great! A family SUV is a popular choice here in Lebanon. To help me find the perfect one for you, could you tell me a bit more about what you\'re looking for?\n\nFor example:\n*   What\'s your estimated budget range?\n*   Are there any specific brands or models you prefer, or perhaps ones you\'d like to avoid?\n*   Do you have a preferred year range in mind?\n*   How many seats do you need (5-seater, 7-seater)?',NULL,'2026-02-17 00:23:06'),(120001,120001,'user','I\'m looking for a family SUV',NULL,'2026-03-07 01:36:07'),(120002,120001,'assistant','Great! A family SUV is a popular choice here in Lebanon. To help me find the perfect one for you, could you tell me a bit more about what you\'re looking for?\n\n1.  Do you have any **preferred brands** in mind?\n2.  What\'s your **budget range** for the car?\n3.  Are you looking for a **new or used** SUV, and if used, what **year range** are you considering?\n4.  Are there any specific **features** important for your family, like 7 seats, fuel efficiency, or advanced safety?',NULL,'2026-03-07 01:36:12'),(120003,120002,'user','I\'m looking for a family SUV',NULL,'2026-03-07 01:36:40'),(120004,120002,'assistant','That\'s great! A family SUV is a popular choice here in Lebanon. To help me find the perfect one for you, could you tell me a bit more about what you\'re looking for?\n\nFor example:\n*   Do you have any **brands** or **models** in mind?\n*   What **year range** are you considering?\n*   What\'s your preferred **budget range**?\n*   Are there any specific **features** important for your family, like 3 rows of seats, a large trunk, or fuel efficiency?',NULL,'2026-03-07 01:36:44'),(120005,120003,'user','I\'m looking for a family SUV',NULL,'2026-03-07 01:37:08'),(120006,120003,'assistant','Great! A family SUV is a fantastic choice for versatility and space. To help me find the perfect one for you, could you tell me a bit more about what you\'re looking for?\n\nFor starters, do you have any **preferred brands** in mind, or a **budget range**? Also, how many people will typically be riding in the SUV, and what **year range** are you considering?',NULL,'2026-03-07 01:37:11'),(120007,120004,'user','I\'m looking for a family SUV',NULL,'2026-03-07 01:37:23'),(120008,120004,'assistant','Great! A family SUV is a fantastic choice for versatility and space. To help me find the perfect one for you, could you tell me a bit more about what you\'re looking for?\n\nFor example:\n*   Do you have any **preferred brands** in mind?\n*   What\'s your approximate **budget range**?\n*   Are you looking for a **new or used** SUV, and what **year range** would you prefer?\n*   How many **seats** do you need (5-seater, 7-seater)?\n*   Any specific **features** that are important for your family, like safety, fuel efficiency, or cargo space?',NULL,'2026-03-07 01:37:27'),(120009,120005,'user','I\'m looking for a family SUV',NULL,'2026-03-07 01:37:41'),(120010,120005,'assistant','Ah, a family SUV! That\'s a popular choice here in Lebanon. To help me find the perfect one for you, could you tell me a bit more about what you\'re looking for?\n\nFor example:\n*   Do you have any **brands or specific models** in mind?\n*   What **year range** are you considering?\n*   What\'s your estimated **budget**?\n*   Are there any particular **features** important for your family, like 7 seats, fuel efficiency, or specific safety options?',NULL,'2026-03-07 01:37:45'),(120011,120006,'user','I\'m looking for a family SUV',NULL,'2026-03-07 01:38:06'),(120012,120006,'assistant','That\'s great! A family SUV is a popular choice for its versatility and space. To help me find the perfect one for you, could you tell me a bit more about what you\'re looking for?\n\nFor example:\n*   Do you have any **preferred brands** in mind?\n*   What\'s your **budget range** for the car?\n*   Are you looking for a **new or used** SUV, and what **year range** would you prefer?\n*   How many **seats** do you need (5-seater, 7-seater)?\n*   Are there any other features important to your family, like **fuel efficiency** or specific **safety features**?',NULL,'2026-03-07 01:38:10'),(120013,120007,'user','I\'m looking for a family SUV',NULL,'2026-03-07 01:49:10'),(120014,120007,'assistant','That\'s a great choice for Lebanon! Family SUVs are very popular here.\n\nTo help me find the perfect one for you, could you tell me a bit more about what you\'re looking for?\n\n*   Do you have any **brands** in mind, like Toyota, Kia, Hyundai, or something else?\n*   What\'s your preferred **budget range** for the car?\n*   Are you looking for a **new or used** SUV, and if used, what **year range** are you considering?\n*   And finally, are there any specific **features** important for your family, like 7 seats, good fuel economy, or advanced safety features?',NULL,'2026-03-07 01:49:15'),(150001,150001,'user','I\'m looking for a family SUV',NULL,'2026-03-11 15:12:23'),(150002,150001,'assistant','Great choice! A family SUV is perfect for our Lebanese roads and lifestyles. To help me find the best options for you, could you tell me a bit more about what you\'re looking for?\n\n1.  Do you have any **preferred brands** in mind?\n2.  What\'s your **budget range** for this SUV?\n3.  Are you looking for a **new or used** car, and if used, what **year range** are you considering?\n4.  Are there any specific features important for your family, like **7 seats**, good **fuel efficiency**, or advanced **safety features**?\n\nOnce I have a better idea, I can start looking through our inventory!',NULL,'2026-03-11 15:12:29'),(150003,150002,'user','I\'m looking for a family SUV',NULL,'2026-03-11 15:13:11'),(150004,150002,'assistant','That\'s great! A family SUV is a popular choice for its versatility and space. To help me find the perfect one for you, could you tell me a bit more about what you\'re looking for?\n\nFor example:\n*   Do you have any preferred **brands** in mind?\n*   What\'s your estimated **budget range**?\n*   Are you looking for a **new or used** SUV, and what **year range** would you prefer?\n*   Are there any specific **features** that are important for your family, like 7 seats, fuel efficiency, or cargo space?',NULL,'2026-03-11 15:13:17'),(150005,150003,'user','I\'m looking for a family SUV',NULL,'2026-03-11 15:14:45'),(150006,150003,'assistant','That\'s great! A family SUV is a popular choice for its versatility and space. To help me find the perfect one for you, could you tell me a bit more about what you\'re looking for?\n\nFor example:\n*   Do you have any **brands** in mind (e.g., Toyota, Hyundai, Mercedes)?\n*   What\'s your preferred **budget range**?\n*   Are you looking for a **new or used** SUV, and what **year range** would you consider?\n*   Any specific **features** important for your family, like 7-seater capacity, fuel efficiency, or advanced safety features?',NULL,'2026-03-11 15:14:51'),(150007,150004,'user','I\'m looking for a family SUV',NULL,'2026-03-11 15:15:37'),(150008,150004,'assistant','Great! A family SUV is a popular choice here in Lebanon. To help me find the perfect one for you, could you tell me a bit more about what you\'re looking for?\n\nFor example:\n*   Do you have any **preferred brands** in mind?\n*   What\'s your ideal **budget range**?\n*   Are you looking for a **new or used** SUV, and what **year range** would you prefer?\n*   How many **seats** do you typically need (5-seater, 7-seater)?\n*   Any specific **features** that are important for your family, like safety, fuel efficiency, or a big trunk?',NULL,'2026-03-11 15:15:43'),(150009,150005,'user','I\'m looking for a family SUV',NULL,'2026-03-11 15:16:02'),(150010,150005,'assistant','Great! A family SUV is a fantastic choice for versatility and space. To help me find the perfect one for you, could you tell me a bit more about what you\'re looking for?\n\nFor example:\n*   Do you have any **brands** in mind, or perhaps any **models** you like?\n*   What **year range** are you considering?\n*   What\'s your estimated **budget range**?\n*   Are there any specific **colors** you prefer or dislike?\n*   And thinking about your family, will you need a **3rd row** of seating, or is a 5-seater sufficient?',NULL,'2026-03-11 15:16:08'),(150011,150006,'user','I\'m looking for a family SUV',NULL,'2026-03-11 15:17:40'),(150012,150006,'assistant','That\'s great! A family SUV is a fantastic choice for versatility and space. To help me narrow down the options from our inventory, could you tell me a bit more about what you\'re looking for?\n\nFor example:\n*   Do you have any **preferred brands** in mind?\n*   What\'s your estimated **budget range**?\n*   Are you looking for a **newer model** or something a bit older?\n*   And for a family SUV, are things like **7-seater capacity**, **fuel efficiency**, or **luxury features** particularly important to you?',NULL,'2026-03-11 15:17:44'),(150013,150007,'user','I\'m looking for a family SUV',NULL,'2026-03-11 15:32:50'),(150014,150007,'assistant','Great! A family SUV is a fantastic choice for Lebanon\'s roads and for accommodating everyone comfortably.\n\nTo help me find the perfect one for you, could you tell me a bit more about what you\'re looking for?\n\n1.  Do you have any **preferred brands** in mind?\n2.  What\'s your approximate **budget range**?\n3.  Are you looking for a **new or pre-owned** SUV, and if pre-owned, what **year range** are you considering?\n4.  Are there any specific **features important for your family**, like 7 seats, fuel efficiency, or advanced safety features?',NULL,'2026-03-11 15:32:55'),(180001,180001,'user','I\'m looking for a family SUV',NULL,'2026-03-16 19:15:30'),(180002,180001,'assistant','Ah, a family SUV! That\'s a popular choice in Lebanon. To help me find the perfect one for you, could you tell me a bit more about what you\'re looking for?\n\nFor a family SUV, it\'s often helpful to know:\n*   Do you have any **preferred brands** in mind?\n*   What\'s your approximate **budget range**?\n*   Are you looking for a **new or used** car, and if used, what **year range** are you considering?\n*   Any specific **features** that are important for your family, like 7 seats, fuel efficiency, or safety tech?',NULL,'2026-03-16 19:15:34'),(180003,180002,'user','I\'m looking for a family SUV',NULL,'2026-03-16 19:20:02'),(180004,180002,'assistant','Great! A family SUV is a fantastic choice for versatility and space. To help me find the perfect one for you, could you tell me a bit more about what you\'re looking for?\n\nFor example:\n*   Do you have any **preferred brands** or **models** in mind?\n*   What **year range** are you considering?\n*   What\'s your estimated **budget range**?\n*   How many **seats** do you typically need (5-seater, 7-seater)?\n*   Any particular **colors** you like or dislike?\n\nThe more details you share, the better I can narrow down the options!',NULL,'2026-03-16 19:20:06'),(180005,180003,'user','I\'m looking for a family SUV',NULL,'2026-03-16 19:22:06'),(180006,180003,'assistant','Ah, a family SUV! That\'s a popular choice here in Lebanon. To help me find the perfect one for you, could you tell me a bit more about what you\'re looking for?\n\nFor example:\n*   Do you have any **brands or models** in mind?\n*   What **year range** are you considering?\n*   What\'s your estimated **budget**?\n*   Are there any specific **features** important for your family, like 7 seats, fuel efficiency, or specific safety options?',NULL,'2026-03-16 19:22:10'),(180007,180004,'user','I\'m looking for a family SUV',NULL,'2026-03-16 19:52:23'),(180008,180004,'assistant','Great! A family SUV is a popular choice in Lebanon. To help me find the perfect one for you, could you tell me a bit more about what you\'re looking for?\n\nFor a family SUV, it\'s really helpful to know:\n\n1.  **What\'s your estimated budget range?** (e.g., $15,000 - $25,000)\n2.  **Are there any specific brands or models you prefer or dislike?**\n3.  **What year range are you considering?** (e.g., 2018 or newer)\n4.  **How many seats do you need?** (5-seater or 7-seater?)\n5.  **Any color preferences?**\n\nOnce I have a better idea, I can check our inventory for some great options!',NULL,'2026-03-16 19:52:28');
/*!40000 ALTER TABLE `chatmessages` ENABLE KEYS */;
UNLOCK TABLES;

--
-- Table structure for table `dealers`
--

DROP TABLE IF EXISTS `dealers`;
/*!40101 SET @saved_cs_client     = @@character_set_client */;
/*!40101 SET character_set_client = utf8 */;
CREATE TABLE `dealers` (
  `id` int(11) NOT NULL AUTO_INCREMENT,
  `name` varchar(255) NOT NULL,
  `description` text DEFAULT NULL,
  `address` text DEFAULT NULL,
  `city` varchar(100) DEFAULT NULL,
  `latitude` decimal(10,7) DEFAULT NULL,
  `longitude` decimal(10,7) DEFAULT NULL,
  `phone` varchar(50) DEFAULT NULL,
  `email` varchar(320) DEFAULT NULL,
  `website` varchar(500) DEFAULT NULL,
  `apiEndpoint` varchar(500) DEFAULT NULL,
  `apiKey` varchar(255) DEFAULT NULL,
  `logoUrl` varchar(500) DEFAULT NULL,
  `isActive` tinyint(1) NOT NULL DEFAULT 1,
  `createdAt` timestamp NOT NULL DEFAULT current_timestamp(),
  `updatedAt` timestamp NOT NULL DEFAULT current_timestamp() ON UPDATE current_timestamp(),
  PRIMARY KEY (`id`)
) ENGINE=InnoDB AUTO_INCREMENT=7 DEFAULT CHARSET=utf8mb4 COLLATE=utf8mb4_general_ci;
/*!40101 SET character_set_client = @saved_cs_client */;

--
-- Dumping data for table `dealers`
--

LOCK TABLES `dealers` WRITE;
/*!40000 ALTER TABLE `dealers` DISABLE KEYS */;
INSERT INTO `dealers` VALUES (1,'RKEIN MOTORS','Best deals at Rkein Motor!','2190 Street 9, Sinn Al Fil, Matn District 22155, Lebanon','Beirut',33.8688610,35.5419470,'+961 3000420','info@rkeinmotors.com','https://www.rkeinmotors.com',NULL,NULL,'https://www.rkeinmotors.com/img/rkein-logo.jpg',1,'2026-04-06 14:00:03','2026-04-06 14:00:09'),(2,'Auto Haus Group','Your luxury car spot','Jounieh Highway, Lebanon','Jounieh',33.9791100,35.6236200,'+961 70 569 689','contact@autohaus-group.com','https://autohaus-group.com/',NULL,NULL,'https://autohaus-group.com/wp-content/uploads/2025/08/autohauslogowhite-1.png',1,'2026-04-06 14:38:39','2026-04-06 14:38:41'),(3,'Fares Motors','Your premier destination for luxury car sales in Lebanon','Baabda, Lebanon','Baabda',33.8543000,35.4939300,'01 851 175','motorsfares@gmail.com','https://faresmotors.com',NULL,NULL,'https://faresmotors.com/wp-content/uploads/2023/09/cropped-chrome-logo-fares-62x62.png',1,'2026-04-06 14:51:42','2026-04-06 14:51:43'),(4,'Auto Francis','ONLY THE ABSOLUTE BEST Luxury & Premium Cars','Antelias Highway','Beirut',33.9132860,35.5860210,'70 623 623','info@autofrancis.com','https://autofrancis.com',NULL,NULL,'https://qtrypzzcjebvfcihiynt.supabase.co/storage/v1/object/public/base44-prod/public/6969229e36bb0f7769ef2aa6/f6054a9aa_AutoFrancisLogo.png',1,'2026-04-06 16:40:57','2026-04-06 16:40:58'),(5,'Deals On Wheals','Not just for sale. For a Lifestyle..','Beirut, Dbayeh highway','Beirut',33.9348700,35.5891699,'+961 81 664 448','tarek-alaeddine@hotmail.com','https://deals-onwheels.com/cars',NULL,NULL,'https://deals-onwheels.com/IMG-0189-removebg-preview-1.png',1,'2026-04-06 18:40:07','2026-04-06 18:40:09'),(6,'Black Motors','The Home of Luxury Cars in Lebanon','Jnah, Beirut, Lebanon','Beirut',33.8667900,35.4865700,'+961 71 1 000 30','kanso@blackmotors.co','https://blackmotors.co/listing',NULL,NULL,'https://blackmotors.co/wp-content/uploads/2023/02/logo.png',1,'2026-04-06 21:00:04','2026-04-06 21:00:07');
/*!40000 ALTER TABLE `dealers` ENABLE KEYS */;
UNLOCK TABLES;

--
-- Table structure for table `favorites`
--

DROP TABLE IF EXISTS `favorites`;
/*!40101 SET @saved_cs_client     = @@character_set_client */;
/*!40101 SET character_set_client = utf8 */;
CREATE TABLE `favorites` (
  `id` int(11) NOT NULL AUTO_INCREMENT,
  `userId` int(11) NOT NULL,
  `carId` int(11) NOT NULL,
  `createdAt` timestamp NOT NULL DEFAULT current_timestamp(),
  PRIMARY KEY (`id`)
) ENGINE=InnoDB AUTO_INCREMENT=300002 DEFAULT CHARSET=utf8mb4 COLLATE=utf8mb4_general_ci;
/*!40101 SET character_set_client = @saved_cs_client */;

--
-- Dumping data for table `favorites`
--

LOCK TABLES `favorites` WRITE;
/*!40000 ALTER TABLE `favorites` DISABLE KEYS */;
INSERT INTO `favorites` VALUES (2,1770005,0,'2026-03-27 00:38:28'),(4,1770005,210009,'2026-03-27 00:39:08'),(6,1770005,210016,'2026-03-27 00:39:37'),(8,1770005,210023,'2026-03-27 00:40:21'),(11,1770005,210026,'2026-03-27 00:40:39'),(14,1770005,210029,'2026-03-27 00:41:09'),(17,1770005,210031,'2026-03-27 00:41:28'),(20,1770005,210033,'2026-03-27 00:41:45'),(24,1560039,210034,'2026-03-27 00:45:48'),(30002,1560039,150020,'2026-03-30 15:06:37'),(120002,1,300001,'2026-03-30 17:36:27'),(150001,1560039,150021,'2026-03-30 22:37:11'),(180001,1770005,390002,'2026-04-04 10:01:53'),(270001,4050016,450002,'2026-04-10 23:34:18'),(300001,4140001,450002,'2026-04-11 01:16:23');
/*!40000 ALTER TABLE `favorites` ENABLE KEYS */;
UNLOCK TABLES;

--
-- Table structure for table `inquiries`
--

DROP TABLE IF EXISTS `inquiries`;
/*!40101 SET @saved_cs_client     = @@character_set_client */;
/*!40101 SET character_set_client = utf8 */;
CREATE TABLE `inquiries` (
  `id` int(11) NOT NULL AUTO_INCREMENT,
  `userId` int(11) DEFAULT NULL,
  `name` varchar(255) DEFAULT NULL,
  `email` varchar(320) DEFAULT NULL,
  `phone` varchar(50) DEFAULT NULL,
  `brand` varchar(100) DEFAULT NULL,
  `model` varchar(100) DEFAULT NULL,
  `carType` varchar(50) DEFAULT NULL,
  `year` int(11) DEFAULT NULL,
  `color` varchar(50) DEFAULT NULL,
  `minPrice` decimal(12,2) DEFAULT NULL,
  `maxPrice` decimal(12,2) DEFAULT NULL,
  `additionalNotes` text DEFAULT NULL,
  `status` enum('new','contacted','completed','cancelled') NOT NULL DEFAULT 'new',
  `createdAt` timestamp NOT NULL DEFAULT current_timestamp(),
  `updatedAt` timestamp NOT NULL DEFAULT current_timestamp() ON UPDATE current_timestamp(),
  `carId` int(11) DEFAULT NULL,
  `sellerEmail` varchar(320) DEFAULT NULL,
  PRIMARY KEY (`id`)
) ENGINE=InnoDB AUTO_INCREMENT=480002 DEFAULT CHARSET=utf8mb4 COLLATE=utf8mb4_general_ci;
/*!40101 SET character_set_client = @saved_cs_client */;

--
-- Dumping data for table `inquiries`
--

LOCK TABLES `inquiries` WRITE;
/*!40000 ALTER TABLE `inquiries` DISABLE KEYS */;
INSERT INTO `inquiries` VALUES (1,1,'John Doe','john@example.com','+961 XX XXX XXX','Toyota','Camry',NULL,NULL,NULL,20000.00,30000.00,NULL,'new','2026-02-07 18:43:38','2026-02-07 18:43:38',NULL,NULL),(2,1,'John Doe','john@example.com','+961 XX XXX XXX','Toyota','Camry',NULL,NULL,NULL,20000.00,30000.00,NULL,'new','2026-02-07 18:44:07','2026-02-07 18:44:07',NULL,NULL),(90001,1,'Jane Buyer','jane@example.com',NULL,'BMW','X5',NULL,NULL,NULL,NULL,NULL,'Looking for a luxury SUV','new','2026-03-11 15:12:20','2026-03-11 15:12:20',NULL,NULL),(90014,1,'Jane Buyer','jane@example.com',NULL,'BMW','X5',NULL,NULL,NULL,NULL,NULL,'Looking for a luxury SUV','new','2026-03-11 15:16:04','2026-03-11 15:16:04',NULL,NULL),(90019,1,'John Buyer','buyer@example.com','+961-1-234567','Honda','Civic','sedan',2021,'red',NULL,NULL,'Interested in this car. Can you provide more details?','new','2026-03-11 15:32:48','2026-03-11 15:32:48',NULL,NULL),(120001,1,'new buyer','ragheedgh16@gmail.com','81043055','Nissan','Tiida','hatchback',2007,'Silver',NULL,NULL,'I\'d like to ask if the Tiida is still available in negotiable price plz','new','2026-03-16 19:01:42','2026-03-16 19:01:42',NULL,NULL),(120002,1,'John Doe','john@example.com','+961 XX XXX XXX','Toyota','Camry',NULL,NULL,NULL,20000.00,30000.00,NULL,'new','2026-03-16 19:15:29','2026-03-16 19:15:29',NULL,NULL),(120003,1,'John Buyer','buyer@example.com','+961-1-234567','Honda','Civic','sedan',2021,'red',NULL,NULL,'Interested in this car. Can you provide more details?','new','2026-03-16 19:15:29','2026-03-16 19:15:29',NULL,NULL),(120004,1,'Jane Buyer','jane@example.com',NULL,'BMW','X5',NULL,NULL,NULL,NULL,NULL,'Looking for a luxury SUV','new','2026-03-16 19:15:32','2026-03-16 19:15:32',NULL,NULL),(120005,1,'John Doe','john@example.com','+961 XX XXX XXX','Toyota','Camry',NULL,NULL,NULL,20000.00,30000.00,NULL,'new','2026-03-16 19:20:01','2026-03-16 19:20:01',NULL,NULL),(120006,1,'John Buyer','buyer@example.com','+961-1-234567','Honda','Civic','sedan',2021,'red',NULL,NULL,'Interested in this car. Can you provide more details?','new','2026-03-16 19:20:01','2026-03-16 19:20:01',NULL,NULL),(120007,1,'Jane Buyer','jane@example.com',NULL,'BMW','X5',NULL,NULL,NULL,NULL,NULL,'Looking for a luxury SUV','new','2026-03-16 19:20:04','2026-03-16 19:20:04',NULL,NULL),(120008,1,'John Doe','john@example.com','+961 XX XXX XXX','Toyota','Camry',NULL,NULL,NULL,20000.00,30000.00,NULL,'new','2026-03-16 19:22:04','2026-03-16 19:22:04',NULL,NULL),(120009,1,'John Buyer','buyer@example.com','+961-1-234567','Honda','Civic','sedan',2021,'red',NULL,NULL,'Interested in this car. Can you provide more details?','new','2026-03-16 19:22:04','2026-03-16 19:22:04',NULL,NULL),(120010,1,'Jane Buyer','jane@example.com',NULL,'BMW','X5',NULL,NULL,NULL,NULL,NULL,'Looking for a luxury SUV','new','2026-03-16 19:22:07','2026-03-16 19:22:07',NULL,NULL),(120011,1,'John Doe','john@example.com','+961 XX XXX XXX','Toyota','Camry',NULL,NULL,NULL,20000.00,30000.00,NULL,'new','2026-03-16 19:52:22','2026-03-16 19:52:22',NULL,NULL),(120012,1,'John Buyer','buyer@example.com','+961-1-234567','Honda','Civic','sedan',2021,'red',NULL,NULL,'Interested in this car. Can you provide more details?','new','2026-03-16 19:52:22','2026-03-16 19:52:22',NULL,NULL),(120013,1,'Jane Buyer','jane@example.com',NULL,'BMW','X5',NULL,NULL,NULL,NULL,NULL,'Looking for a luxury SUV','new','2026-03-16 19:52:25','2026-03-16 19:52:25',NULL,NULL),(150001,1560039,'Amar','amarmasri2006@gmail.com','81043055','Honda','Pilot','suv',2013,'Maroun',NULL,NULL,'I want to buy this car and idk much specs plz\nthanks!','new','2026-03-20 02:07:39','2026-03-20 02:07:39',NULL,NULL),(180001,1560039,'Ragheed Ghanem','ragheedgh.04@gmail.com','81043055','Suzuki ','Vitara','suv',2020,'Gray',NULL,NULL,'I would like to buy the car plzz\nthanks!','new','2026-03-20 03:26:29','2026-03-20 03:26:29',NULL,NULL),(180002,1560039,'Ragheed Ghanem','ragheedgh.04@gmail.com','81043055','Suzuki ','Vitara','suv',2020,'Gray',NULL,NULL,'I want to buy the car,\nthank u ','new','2026-03-20 03:29:10','2026-03-20 03:29:10',NULL,NULL),(180003,1560039,'Amar Masri','amarmasri2006@gmail.com','03333333','Nissan','Tiida','hatchback',2007,'Silver',NULL,NULL,'I\'m interested in this car \nthanks!','new','2026-03-20 03:32:55','2026-03-20 03:32:55',NULL,NULL),(210001,1560039,'Ragheed','ragheedgh.04@gmail.com','81043055','Suzukii','Vitara','suv',2020,'Gray',NULL,NULL,'Any idea of the car please','new','2026-03-30 15:11:01','2026-03-30 15:11:01',NULL,NULL),(240001,1,'Ragheed','ragheedgh.04@gmail.com','+96181043055','Suzukii','Vitara','suv',2020,'Gray',NULL,NULL,'I\'m interested in this car','new','2026-03-30 15:31:41','2026-03-30 15:31:41',NULL,NULL),(270001,1,'Ragheed ','ragheedgh16@gmail.com','81043055','Nissan','Tiida','hatchback',2007,'Silver',NULL,NULL,'I\'m interested in that car pls','new','2026-03-30 19:50:10','2026-03-30 19:50:10',NULL,NULL),(300001,1560039,'Amar M.','amarmasri2006@gmail.com','+961 70 830 972','Nissan','Tiida','hatchback',2007,'Silver',NULL,NULL,'I\'m interested in this car plss. What is the last price?\nThank you!','new','2026-03-30 22:40:16','2026-03-30 22:40:16',NULL,NULL),(300002,1,'Ragheed G','ragheedgh16@gmail.com','81043055','Suzukii','Vitara','suv',2020,'Gray',NULL,NULL,'I\'m interested in this car pls.\nwhat is the last price?\nthank you!','new','2026-03-30 22:46:04','2026-03-30 22:46:04',NULL,NULL),(330001,1,'Ragheed G','ragheedgh16@gmail.com','81043055','Suzukii','Vitara','suv',2020,'Gray',NULL,NULL,'I want to buy this car plsss\nwhat is the last price?\nthanks!','new','2026-03-30 23:33:49','2026-03-30 23:33:49',NULL,NULL),(330002,1560039,'Amar M','amarmasri2006@gmail.com','03963536','Nissan','Tiida','hatchback',2007,'Silver',NULL,NULL,'I\'m interested plz','new','2026-03-30 23:40:28','2026-03-30 23:40:28',NULL,NULL),(360001,1560039,'Amarr','amarmasri2006@gmail.com','81043055','Nissan','Tiida','hatchback',2007,'Silver',NULL,NULL,'I\'dd like to buy this car plsss\nthanks!','new','2026-03-31 12:42:28','2026-03-31 12:42:28',NULL,NULL),(360002,1,'Ragheeddd','ragheedgh16@gmail.com','81043055','Suzukii','Vitara','suv',2020,'Gray',NULL,NULL,'I\'dd like to get this plsss\nthanks!','new','2026-03-31 12:52:48','2026-03-31 12:52:48',NULL,NULL),(390001,1,'Testerr1111','ragheedgh.04@gmail.com','81111223','Suzukii','Vitara','suv',2020,'Gray',NULL,NULL,'Testingggg1111','new','2026-03-31 15:51:55','2026-03-31 15:51:55',NULL,NULL),(420001,1,'Ragheedd','ragheedgh.04@gmail.com','81043055','Suzukii','Vitara','suv',2020,'Gray',NULL,NULL,'I\'m very interested!\nwhat is the last price please?','new','2026-03-31 22:40:19','2026-03-31 22:40:19',NULL,NULL),(450001,1,'Ragheed G.','ragheedgh.04@gmail.com','81043055','Suzukii','Vitara','suv',2020,'Gray',NULL,NULL,'HELLO, I want this car.\nwhat is the last price for it!!!???\nthanks','new','2026-04-01 00:18:31','2026-04-07 21:42:28',300001,'amarmasri2006@gmail.com'),(480001,4050016,'Antoun A.','antoun.atallah@lau.edu','79302194','Mercedes Benz','C300 4-matic','sedan',2017,'Gray',NULL,NULL,'I\'d like to know more about this mercedes please.','new','2026-04-10 23:34:10','2026-04-10 23:34:10',450002,'ragheed.ghanem@outlook.com');
/*!40000 ALTER TABLE `inquiries` ENABLE KEYS */;
UNLOCK TABLES;

--
-- Table structure for table `tradeinrecommendations`
--

DROP TABLE IF EXISTS `tradeinrecommendations`;
/*!40101 SET @saved_cs_client     = @@character_set_client */;
/*!40101 SET character_set_client = utf8 */;
CREATE TABLE `tradeinrecommendations` (
  `id` int(11) NOT NULL AUTO_INCREMENT,
  `valuationId` int(11) NOT NULL,
  `recommendedCarId` int(11) NOT NULL,
  `matchScore` decimal(5,2) DEFAULT NULL,
  `reasoning` text DEFAULT NULL,
  `createdAt` timestamp NOT NULL DEFAULT current_timestamp(),
  PRIMARY KEY (`id`)
) ENGINE=InnoDB DEFAULT CHARSET=utf8mb4 COLLATE=utf8mb4_general_ci;
/*!40101 SET character_set_client = @saved_cs_client */;

--
-- Dumping data for table `tradeinrecommendations`
--

LOCK TABLES `tradeinrecommendations` WRITE;
/*!40000 ALTER TABLE `tradeinrecommendations` DISABLE KEYS */;
/*!40000 ALTER TABLE `tradeinrecommendations` ENABLE KEYS */;
UNLOCK TABLES;

--
-- Table structure for table `users`
--

DROP TABLE IF EXISTS `users`;
/*!40101 SET @saved_cs_client     = @@character_set_client */;
/*!40101 SET character_set_client = utf8 */;
CREATE TABLE `users` (
  `id` int(11) NOT NULL AUTO_INCREMENT,
  `openId` varchar(64) DEFAULT NULL,
  `name` text DEFAULT NULL,
  `email` varchar(320) DEFAULT NULL,
  `loginMethod` varchar(64) DEFAULT NULL,
  `role` enum('user','admin') NOT NULL DEFAULT 'user',
  `createdAt` timestamp NOT NULL DEFAULT current_timestamp(),
  `updatedAt` timestamp NOT NULL DEFAULT current_timestamp() ON UPDATE current_timestamp(),
  `lastSignedIn` timestamp NOT NULL DEFAULT current_timestamp(),
  `passwordHash` varchar(255) DEFAULT NULL,
  PRIMARY KEY (`id`),
  UNIQUE KEY `users_openId_unique` (`openId`),
  UNIQUE KEY `users_email_unique` (`email`)
) ENGINE=InnoDB AUTO_INCREMENT=4140454 DEFAULT CHARSET=utf8mb4 COLLATE=utf8mb4_general_ci;
/*!40101 SET character_set_client = @saved_cs_client */;

--
-- Dumping data for table `users`
--

LOCK TABLES `users` WRITE;
/*!40000 ALTER TABLE `users` DISABLE KEYS */;
INSERT INTO `users` VALUES (1,'3atXd5nYmb4k92wNQLwNY5','Ragheed Ghanem','ragheedgh16@gmail.com','google','admin','2026-02-07 18:37:31','2026-04-11 13:49:10','2026-04-11 13:49:09',NULL),(450001,'kvamZVMM3GV8GBJaoEGNCp','Rami Aabed','aabedrami123@gmail.com','google','user','2026-02-19 18:07:57','2026-04-10 13:40:53','2026-04-10 13:40:52',NULL),(1470001,'hktjstM9feJbQRGwP7iEbc','Ragheed Ghanem','ragheedgh.04@gmail.com','google','user','2026-03-19 18:45:02','2026-03-19 19:54:50','2026-03-19 19:54:51',NULL),(1560039,NULL,'Amar El Masri','amarmasri2006@gmail.com','google','user','2026-03-20 01:25:04','2026-04-10 21:41:09','2026-04-10 21:41:09','$2b$10$9gomvMDcYQvYL6OUeq5O3u6fLWTxhWarBfo029SuWjdb8CeWEYhyu'),(2820011,'ragheed.ghanem@outlook.com','Soha Assaf','ragheed.ghanem@outlook.com','email','user','2026-04-04 10:21:09','2026-04-11 17:21:40','2026-04-10 23:28:08','$2b$10$IP.42SGc2x1BkCiDew6mBOYKKJdIreD6oa7mi5donwTvmBa.9nr7S'),(4050016,'antoun.atallah@lau.edu','Antoun Aatalla ','antoun.atallah@lau.edu','email','user','2026-04-10 23:31:36','2026-04-11 17:21:40','2026-04-11 00:13:06','$2b$10$JS3hVQKp6xAnst8nMf1UKu.EQRqGm.nH.cwlmvSmp5a/8B7wxKlSG'),(4140001,'jad.n@gmail.com','Jad Narsh','jad.n@gmail.com','email','user','2026-04-11 00:39:25','2026-04-11 17:21:40','2026-04-11 01:21:13','$2b$10$loUiVIYIj7F1MIhEVjocL.oirwSn/L14VzUT1dFKLbtE2ieo5c/Q2'),(4140002,'rami.aabed@lau.edu','Rami','rami.aabed@lau.edu','email','user','2026-04-11 16:41:24','2026-04-14 15:52:09','2026-04-14 08:52:08','$2b$10$CMWKsHCvjsjtg0dTA8AuH.iN/vThIDkoB5tVICMZpg4KK28BfBQJ6'),(4140003,'r.a@hotmail.com','Rami','r.a@hotmail.com','email','user','2026-04-11 17:38:32','2026-04-11 17:38:32','2026-04-11 14:38:32','$2b$10$QfVEYEcaawlDec1pcwj8z..8mMfYZ4NEEQm.zpzVhCeJ8BKswNU3K'),(4140007,'r.aabed@gmail.com','Rami','r.aabed@gmail.com','email','user','2026-04-11 18:22:44','2026-04-11 18:22:44','2026-04-11 15:22:44','$2b$10$W/j7tE4JytfaczOmpm.oAuCRSsx1DltM/f5WrnbJ1eeZ2wrBRgche'),(4140009,'r@gmail.com','Rami','r@gmail.com','email','user','2026-04-11 18:46:34','2026-04-11 18:46:34','2026-04-11 15:46:34','$2b$10$hTbUwyxaVcILpBFUPaEQs.UeVBR0A7PArJbmWZ8LWLkrYUUoZf3U2'),(4140014,'rr@hotmail.com','rami','rr@hotmail.com','email','user','2026-04-11 20:57:18','2026-04-12 13:28:47','2026-04-12 10:28:47','$2b$10$9VmpDUOYkbYOV9mHUxh37uoUINwSX4wp3twcjII7TyghLlK/Z1v8u');
/*!40000 ALTER TABLE `users` ENABLE KEYS */;
UNLOCK TABLES;

--
-- Table structure for table `valuations`
--

DROP TABLE IF EXISTS `valuations`;
/*!40101 SET @saved_cs_client     = @@character_set_client */;
/*!40101 SET character_set_client = utf8 */;
CREATE TABLE `valuations` (
  `id` int(11) NOT NULL AUTO_INCREMENT,
  `userId` int(11) DEFAULT NULL,
  `carId` int(11) DEFAULT NULL,
  `brand` varchar(100) NOT NULL,
  `model` varchar(100) NOT NULL,
  `year` int(11) NOT NULL,
  `kilometers` int(11) NOT NULL,
  `condition` varchar(50) NOT NULL,
  `estimatedValue` decimal(12,2) NOT NULL,
  `currency` varchar(10) NOT NULL DEFAULT 'USD',
  `valuationDetails` text DEFAULT NULL,
  `imageAnalysis` text DEFAULT NULL,
  `createdAt` timestamp NOT NULL DEFAULT current_timestamp(),
  PRIMARY KEY (`id`)
) ENGINE=InnoDB AUTO_INCREMENT=360004 DEFAULT CHARSET=utf8mb4 COLLATE=utf8mb4_general_ci;
/*!40101 SET character_set_client = @saved_cs_client */;

--
-- Dumping data for table `valuations`
--

LOCK TABLES `valuations` WRITE;
/*!40000 ALTER TABLE `valuations` DISABLE KEYS */;
INSERT INTO `valuations` VALUES (1,1,NULL,'Honda','Pilot',2010,150000,'good',8500.00,'USD','The 2010 Honda Pilot, with 150,000 kilometers (approximately 93,000 miles) and described as being in \'good\' condition, holds a solid position in the used SUV market. Key factors influencing its value include Honda\'s reputation for reliability and durability, which makes the Pilot a desirable family vehicle even with higher mileage. The \'good\' condition implies that while there may be typical wear and tear for its age and mileage, there are no major mechanical issues or significant cosmetic damage. The mileage is moderate for a 14-year-old vehicle, suggesting it has been driven consistently but not excessively. Market demand for mid-size SUVs, especially reliable ones like the Pilot, remains strong due to their practicality, seating capacity, and all-weather capability. The 2010 model year falls into a sweet spot for buyers looking for an affordable yet dependable vehicle without the higher price tag of newer models. Recommendations for the seller include ensuring all maintenance records are available, addressing any minor cosmetic imperfections (e.g., paint touch-ups, interior detailing) to enhance curb appeal, and highlighting features like AWD (if applicable), recent service history, and safety features. Pricing should be competitive, considering regional market variations and the exact trim level and features of the vehicle. A pre-sale inspection report can also boost buyer confidence.','Based on the \'good\' condition description, it is assumed that any hypothetical images would show a vehicle with a relatively clean exterior, free from major dents, deep scratches, or significant rust. The paint finish would likely be consistent with its age, possibly with minor swirl marks or small chips, but no peeling or fading. The tires would appear to have reasonable tread depth. The interior would be expected to be tidy, with no major rips or tears in the upholstery, and minimal stains. All dashboard lights would be off, indicating no immediate mechanical issues. Engine bay would appear reasonably clean, without obvious leaks or excessive grime. The overall impression from images would be a well-maintained vehicle, consistent with its age and mileage, reflecting careful ownership.','2026-02-07 19:54:36'),(30003,1,NULL,'Honda','CRV',2014,150000,'good',12500.00,'USD','The 2014 Honda CRV is a highly sought-after compact SUV known for its reliability, fuel efficiency, and practical interior. With 150,000 kilometers, this vehicle is entering a higher mileage bracket, which typically leads to a depreciation in value compared to lower mileage examples. However, its \'good\' condition helps mitigate some of this depreciation. Key factors affecting its value include: 1. Mileage: 150,000 km is considered moderate to high for a 2014 model, impacting its top-end market value. 2. Condition: \'Good\' condition suggests well-maintained mechanics and cosmetics, which is a significant positive. 3. Brand Reputation: Honda\'s strong reputation for durability and low maintenance costs keeps demand steady. 4. Market Demand: Compact SUVs like the CRV consistently experience strong demand in the used car market due to their versatility and family-friendly nature. This strong demand helps support its value even with higher mileage. 5. Regional Market: Local market conditions, including supply and demand, can influence the final sale price. \n\nRecommendations for the seller: To achieve the best possible price, ensure all maintenance records are available. A professional detailing, addressing any minor cosmetic flaws (e.g., small scratches, interior stains), and ensuring all features are fully functional will enhance its appeal. Consider a pre-sale inspection to identify and rectify any minor mechanical issues, which can be a strong selling point. High-quality photos showcasing its good condition are crucial for online listings. Pricing competitively, perhaps slightly above the estimated value to allow for negotiation, would be a good strategy.','Based on the description of \'good\' condition, it is assumed that the vehicle\'s exterior is free from major dents, deep scratches, or significant rust. The paint likely retains a good sheen with minimal fading. The interior is expected to be clean, free of major rips or tears in the upholstery, and all dashboard components should be intact and functional. The tires are presumed to have adequate tread, and the wheels are free from excessive curb rash. Mechanically, \'good\' condition implies that the engine runs smoothly, the transmission shifts correctly, and there are no known major mechanical issues or warning lights illuminated on the dashboard. This suggests a well-cared-for vehicle, reflecting regular maintenance and careful use by its previous owner(s).','2026-02-09 17:58:28'),(60001,1,NULL,'Mazda','CX7',2005,170000,'fair',3500.00,'USD','Key Factors Affecting Value: The 2005 Mazda CX-7 is an older model, and its age significantly impacts its value. The 170,000 kilometers (approximately 105,633 miles) is relatively high for its age, indicating considerable use. While Mazda vehicles are generally reliable, this mileage suggests that some major maintenance items may be due or have already been performed. The \'fair\' condition implies visible wear and tear, which could include cosmetic imperfections (scratches, dings, faded paint) and potentially some mechanical issues that are not critical but require attention. The CX-7 was known for its turbocharged engine, which, if not meticulously maintained, can incur significant repair costs. Market Demand Analysis: Demand for older, higher-mileage SUVs like the 2005 Mazda CX-7 is typically in the budget-conscious segment. While SUVs remain popular, this specific model and year face competition from newer, more fuel-efficient, and technologically advanced alternatives. The CX-7\'s fuel economy was not its strong suit, which can deter some buyers. However, its practicality as a family vehicle and its relatively affordable price point make it attractive to buyers looking for reliable transportation without a large upfront investment. Demand will be localized and driven by price. Recommendations for the Seller: To maximize the selling price, consider addressing any obvious cosmetic flaws (e.g., paint correction, interior detailing) and minor mechanical issues (e.g., fresh oil change, tire rotation, brake inspection). Have all service records available to demonstrate a history of maintenance. Highlight any recent major repairs or replacements (e.g., turbocharger, transmission, significant engine work). Be transparent about the vehicle\'s condition and history. Pricing competitively is crucial given the age and mileage. Consider advertising on platforms popular with private sellers and be prepared for negotiation.','Based on the \'fair\' condition description, I would expect to see visible signs of wear and tear both externally and internally. Externally, this likely includes minor to moderate scratches, dings, and potentially some faded paint or clear coat issues, especially on horizontal surfaces. Headlights might show some hazing. The wheels could have curb rash. Internally, expect seat upholstery to show wear, possibly some stains or minor tears, and plastic trim pieces might have scuffs or scratches. The dashboard could show signs of sun exposure. While \'fair\' doesn\'t imply major structural damage or significant rust (unless specified for the region), it suggests that the vehicle has not been meticulously maintained cosmetically.','2026-02-12 16:21:26'),(60002,1,NULL,'jeep','grand cherokee altitude',2018,135000,'excellent',19500.00,'USD','The 2018 Jeep Grand Cherokee Altitude, with 135,000 kilometers, is a popular mid-size SUV known for its blend of off-road capability and on-road comfort. The \'Altitude\' trim adds a sporty, blacked-out appearance package, which is generally desirable in the used market. Given the \'excellent\' condition, this suggests minimal wear and tear, a clean interior, well-maintained mechanics, and a pristine exterior. Key factors influencing the estimated value include: 1. Model Popularity: The Grand Cherokee consistently ranks high in demand, ensuring a relatively stable resale value. 2. Mileage: 135,000 kilometers (approximately 84,000 miles) is considered moderate for a 2018 model, suggesting it\'s been driven regularly but not excessively. While not low mileage, if maintenance records are impeccable, it mitigates concerns. 3. Condition: \'Excellent\' is a strong descriptor, implying no major dents, scratches, rust, or mechanical issues, which significantly boosts value. 4. Trim Level: The Altitude trim is attractive and commands a slightly higher price than base models due to its aesthetic upgrades. Market demand for used Grand Cherokees remains strong, particularly for well-maintained examples. They appeal to a broad range of buyers, from families needing space and safety to individuals desiring capability and style. Recommendations for the seller include: 1. Gather all service records to demonstrate diligent maintenance. 2. Ensure a professional detailing to highlight the \'excellent\' condition. 3. Take high-quality photos from multiple angles, showcasing both interior and exterior features, especially the Altitude-specific elements. 4. Highlight any desirable features such as infotainment upgrades, safety packages, or recent tire replacements. 5. Be prepared to negotiate, but hold firm on a price close to the estimated value given the excellent condition.','Based on the \'excellent\' condition description, I would expect images to show a vehicle free of significant dents, scratches, or paint imperfections. The exterior finish should appear glossy and well-maintained, with no signs of rust or fading. All exterior trim, including the blacked-out elements characteristic of the Altitude trim, should be intact and free from damage. Headlights and taillights should be clear, not foggy. The wheels should be free of curb rash, and tires should have ample tread. Interior images would ideally display clean, undamaged upholstery, a dashboard free of cracks or excessive wear, and all electronic components in working order. There should be no noticeable odors, and the engine bay should appear clean and free of leaks. Underbody images, if available, would confirm the absence of significant rust or damage, aligning with the \'excellent\' condition claim.','2026-02-12 16:23:02'),(90001,1,NULL,'Honda','CRV',2003,580000,'fair',1200.00,'USD','This 2003 Honda CRV, despite its age, benefits from Honda\'s reputation for reliability and durability. However, the extremely high mileage of 580,000 kilometers (approximately 360,000 miles) is the primary factor significantly depressing its market value. While Hondas are known to last, this mileage indicates extensive use and likely considerable wear on major components. The \'fair\' condition suggests visible cosmetic imperfections, and potentially mechanical issues that are not critical but require attention. The market demand for a vehicle of this age and mileage is typically from buyers seeking very affordable, basic transportation, or potentially for parts. Given its condition and mileage, its value is largely as a functional, albeit well-used, utility vehicle. Key factors affecting value: 1. Extremely High Mileage: This is the dominant negative factor, indicating a vehicle that has reached or exceeded its typical lifespan, raising concerns about imminent major repairs. 2. Age: A 2003 model is 21 years old, which naturally reduces its appeal and increases the likelihood of age-related wear. 3. Honda Reliability: This is a positive factor, as the CRV\'s robust engineering allows it to still be operational at this mileage, offering some residual value. 4. \'Fair\' Condition: This implies that while it runs, it has noticeable wear and tear, both cosmetically and potentially mechanically, which will deter buyers looking for a trouble-free vehicle. Market demand analysis: Demand will be low and primarily from budget-conscious buyers needing basic transportation, or individuals looking for a project car, or even for parts. It is unlikely to attract buyers looking for a primary family vehicle. Recommendations for the seller: 1. Transparency: Be completely upfront about the high mileage and any known issues. 2. Thorough Cleaning: A detailed interior and exterior cleaning can significantly improve curb appeal, even for an older car. 3. Minor Repairs: Address any easily fixable issues (e.g., burnt-out bulbs, minor fluid leaks, dashboard warning lights) that could deter buyers. 4. Competitive Pricing: Price it aggressively to reflect the high mileage and condition. 5. Highlight Positives: Emphasize Honda\'s reliability and the fact that it is still running and driving despite the mileage. 6. Documentation: Provide any available service records, as this can reassure potential buyers.','Based on the description of \'fair\' condition, without actual images, I anticipate the vehicle would show significant signs of wear and tear. This likely includes exterior imperfections such as scratches, dings, faded paint, and possibly minor rust spots, particularly around wheel wells or lower body panels. The interior would likely exhibit worn upholstery, carpet stains, cracked plastics, and general signs of heavy use. There might be visible dashboard warning lights or minor damage to interior trim. Mechanically, \'fair\' condition for a vehicle with 580,000 km suggests it runs and drives, but may have noticeable engine noise, rough idling, or compromised suspension/steering components. The tires might be worn, and brake components could show significant use. The overall impression would be one of a vehicle that has been well-used and maintained to a functional, but not pristine, standard.','2026-02-17 13:41:51'),(90003,1,NULL,'Mazda','CX-5',2018,128000,'excellent',16500.00,'USD','The 2018 Mazda CX-5, with 128,000 kilometers and described as being in \'excellent\' condition, holds a strong position in the used car market. Mazda\'s reputation for reliability, engaging driving dynamics, and premium-feeling interiors for its class contributes significantly to its resale value. The CX-5 model itself is a highly sought-after compact SUV, known for its stylish design, fuel efficiency, and practical size, making it attractive to a wide range of buyers including families and urban commuters. While the mileage of 128,000 km is on the higher side for a 2018 model, the \'excellent\' condition mitigates this to a great extent, suggesting meticulous maintenance and care. Key factors affecting this valuation include the strong brand and model demand, the vehicle\'s excellent condition which implies fewer immediate repair needs for the buyer, and the competitive compact SUV segment. Market demand for used CX-5s remains robust due to their blend of features, performance, and perceived value. For the seller, recommendations include ensuring all service records are available to prove the \'excellent\' condition and maintenance history, a professional detailing to highlight its pristine state, and clear, high-quality photos for online listings. Pricing should be competitive, acknowledging the mileage but leveraging the excellent condition and strong market demand. Highlighting recent maintenance, such as new tires or brakes, if applicable, would also add value.','Based on the textual description of \'excellent\' condition, it is inferred that the vehicle\'s exterior would be free of significant dents, scratches, or rust, maintaining its original paint luster. The interior would likely show minimal wear on seats, carpets, and controls, indicating careful use and regular cleaning. Mechanical components are presumed to be in top working order, reflecting consistent maintenance, with no warning lights illuminated on the dashboard. Tires would have good tread depth, and wheels would be free of major curb rash. Overall, the vehicle would present as well-maintained and aesthetically pleasing, consistent with its \'excellent\' rating.','2026-02-17 13:44:24'),(120001,450001,NULL,'Hyundai ','i10',2011,420000,'fair',1200.00,'USD','This 2011 Hyundai i10 has a significantly high mileage of 420,000 km, which is a major depreciation factor. The \'fair\' condition, coupled with a specific mechanical issue (\'weird noise while steering\'), indicates potential underlying problems that would require immediate attention and repair costs. The i10, while generally reliable, is an economy car, and at this age and mileage, its market value is heavily impacted. Key factors affecting value negatively include: 1. Extremely high mileage for its age. 2. Mechanical issue (steering noise) suggesting power steering pump, steering rack, or suspension component wear. 3. General \'fair\' condition, implying cosmetic wear and tear beyond normal for its age. Market demand for such a vehicle would be low, primarily attracting buyers looking for a very inexpensive, basic mode of transport, or potentially mechanics looking for a project car or parts. The cost of repairs for the steering issue alone could be substantial relative to the car\'s overall value. Recommendations for the seller include: 1. Get a diagnostic check on the steering issue to understand the repair cost. This could help in pricing or deciding whether to repair before selling. 2. Be transparent about all known issues. 3. Price competitively, as similar vehicles with lower mileage and no known issues would command a higher price. This vehicle is likely to be sold \'as-is\' and its value reflects its potential as a \'beater\' car or for parts.','Based on the description of \'fair\' condition and a specific mechanical issue (\'weird noise while steering the wheel\'), an image analysis would likely reveal visible signs of wear and tear consistent with high mileage and age. This could include minor dents, scratches, faded paint, or interior wear (torn seats, worn steering wheel/dashboard). The steering noise implies a functional defect that would not be visible in an image but would be a critical factor during a physical inspection or test drive. An image would primarily confirm the cosmetic state aligns with \'fair\' rather than \'poor\' or \'good\', but it would not mitigate the impact of the high mileage or the stated mechanical problem.','2026-02-19 18:10:12'),(150002,1,NULL,'Honda','Pilot',2010,170000,'excellent',8200.00,'USD','The 2010 Honda Pilot, with 170,000 kilometers and described as being in \'excellent\' condition, holds a strong position in the used SUV market. Honda Pilots are known for their reliability, spacious interior, and practical utility, making them popular among families and those seeking a versatile vehicle. The \'excellent\' condition is a significant factor, suggesting well-maintained mechanics and cosmetics, which can command a premium over average condition vehicles of the same year and mileage. Key factors affecting its value include its reputation for durability, which mitigates concerns about higher mileage, and its continued demand as a dependable family hauler. However, the 170,000 kilometers (approximately 105,600 miles) is on the higher side for a 2010 model, which typically places it in a different pricing tier than lower mileage examples. The market demand for mid-size SUVs like the Pilot remains consistently high, especially for models known for their longevity. While newer models offer more advanced features, the 2010 Pilot\'s robust build and proven track record ensure a steady buyer interest for those seeking value and practicality. Recommendations for the seller include obtaining a pre-sale inspection to confirm the \'excellent\' condition, addressing any minor cosmetic flaws, and highlighting recent maintenance records. Marketing should emphasize its reliability, spaciousness, and the benefits of a well-maintained, high-mileage vehicle. Pricing it competitively within the range of similar models in \'excellent\' condition but acknowledging the mileage will be crucial for a quick sale. A value of $8,200 USD reflects its excellent condition despite the mileage, positioning it attractively in the current market.','Based solely on the description \'excellent condition\', it is inferred that the vehicle\'s exterior would be largely free of major dents, scratches, or rust, maintaining a good paint finish. The interior would likely be clean, free of significant rips, tears, or excessive wear on upholstery, dashboard, and controls. Mechanically, \'excellent\' implies that all major systems (engine, transmission, brakes, suspension) are functioning optimally, with no warning lights illuminated, and regular maintenance has been diligently performed. Tires would be in good condition with ample tread. This assessment assumes the \'excellent\' condition accurately reflects both cosmetic and mechanical integrity, which would be verified through an in-person inspection and test drive.','2026-02-26 00:56:17'),(180006,1,NULL,'Honda','Pilot',2015,170000,'fair',500.00,'USD','This 2015 Honda Pilot, with 170,000 kilometers, has sustained severe damage, rendering it a total loss for road use. The market value is primarily based on its salvageable components or scrap metal value. Key factors affecting the value include the extensive body damage, compromised structural integrity, shattered glass, and potential mechanical issues from the impact. Given the visible damage, the vehicle is not in a drivable condition and would require repairs far exceeding its market value if it were in good condition. Market demand for such a vehicle is limited to salvage yards, parts resellers, or individuals looking for a project car with significant repair expertise and resources. Recommendations for the seller are to contact their insurance company for a total loss assessment if applicable, or to sell the vehicle to a salvage yard or auto recycler. It holds no value as a functional vehicle.','The images clearly show a Honda Pilot that has suffered catastrophic damage. The front end is heavily crushed, with the hood crumpled, headlights destroyed, and significant deformation to the front fenders and bumper. The windshield is completely shattered and caved in, indicating severe impact to the front and roof. The driver\'s side front and rear doors are heavily dented and creased, suggesting a side impact or rollover. The roof appears to be crushed or severely compromised. The front left tire is flat, and the wheel shows signs of impact. Interior components are visible through the damaged windows and appear to be exposed or damaged. The overall structural integrity of the vehicle is severely compromised, classifying it as a total loss. There is no visible interior beyond what the damage reveals, but the extent of exterior and structural damage indicates the interior is likely also severely affected.','2026-03-16 20:27:15'),(180007,1,NULL,'Honda','Pilot',2015,170000,'fair',8500.00,'USD','The 2015 Honda Pilot Touring AWD is a popular mid-size SUV known for its reliability, spacious interior, and family-friendly features. Despite its age and mileage, it holds its value reasonably well due to Honda\'s reputation for longevity and the enduring demand for SUVs. Key factors affecting this valuation include the high mileage (170,000 km or approximately 105,633 miles), which is above average for a 2015 model, placing it in a higher depreciation bracket. The \'fair\' condition, as stated by the seller and confirmed by visible wear in the images, also impacts the value. The visible scratch on the rear bumper and general wear and tear suggest it\'s not in pristine condition. However, the Touring AWD trim is desirable, offering premium features that help maintain some value. Market demand for used Honda Pilots remains strong, particularly for those seeking a reliable and practical family vehicle. While newer models offer more modern features, the 2nd generation Pilot (2009-2015) is still sought after for its robust design and proven track record. The estimated value of $8,500 USD reflects a balance between its desirable features and its age, mileage, and condition. For reference, similar models in \'good\' condition with lower mileage might fetch $10,000-$13,000, while those in \'excellent\' condition with very low mileage could exceed $14,000. Recommendations for the seller include addressing the scratch on the rear bumper, as even minor cosmetic repairs can improve buyer perception and potentially increase the selling price. A thorough detailing of both the exterior and interior would also be beneficial. Providing a comprehensive service history will instill confidence in potential buyers, especially given the high mileage. Highlighting the AWD capability and Touring trim features in the listing will attract buyers looking for those specific options.','The provided images show a 2015 Honda Pilot Touring AWD in a dark red/burgundy metallic paint. The exterior appears to be in fair condition, consistent with the seller\'s description and the vehicle\'s age and mileage. There are visible reflections on the paint, indicating it has been recently washed, but also highlighting some surface imperfections. The most notable issue is a scratch or scuff mark on the lower passenger side of the rear bumper, as mentioned by the seller. This scratch is clearly visible in the cropped image focusing on the rear bumper. The paint finish otherwise appears to have a decent luster, though minor swirls or light scratches typical of a used vehicle are likely present upon closer inspection. The wheels are factory alloy wheels, showing some signs of use but no major curb rash or damage is immediately apparent. The tires appear to have reasonable tread depth, but their exact condition (age, brand, wear pattern) cannot be fully assessed from the images. The windows are tinted, and the roof rack is present, which is standard for the Touring trim. All exterior lights appear intact. No significant dents or major body damage are visible from the angles provided, apart from the rear bumper scratch. The overall impression is that of a well-used but generally cared-for vehicle, with expected wear and tear for its age and mileage.','2026-03-16 20:32:22'),(210001,450001,NULL,'KIA','RIO',2018,130000,'good',9500.00,'USD','{\"minPrice\":8500,\"maxPrice\":10500,\"factors\":\"The 2018 KIA RIO with 130,000 kilometers is valued based on its age, mileage, and reported \'good\' condition. KIA RIOs are known for their reliability and fuel efficiency, making them popular in the used car market. However, 130,000 km is considered moderate to high mileage for a 2018 model, which slightly depreciates its value compared to lower mileage counterparts. Market demand for compact sedans/hatchbacks, regional economic factors, and the car\'s service history (not provided but assumed to be regular for \'good\' condition) also influence this estimate. The valuation assumes standard trim level and features for its year.\",\"recommendations\":\"To maximize sale price, ensure all maintenance records are organized and available for potential buyers. A professional detailing of both the interior and exterior will significantly enhance its appeal. Address any minor cosmetic imperfections, such as small dents or scratches, if cost-effective. Consider having a pre-purchase inspection report ready from a trusted mechanic to build buyer confidence. Highlight the car\'s fuel efficiency, reliability, and any desirable features during marketing. Be prepared to negotiate, but stand firm on a price within the estimated range given its good condition.\"}','Based solely on the provided textual description, the car is in \'good\' condition. This implies that the vehicle has no significant mechanical issues, the exterior has minor wear consistent with its age and mileage (e.g., small scratches, dings), and the interior is clean with normal signs of use. Without images, a more detailed assessment of specific cosmetic flaws or potential hidden issues is not possible.','2026-04-07 11:49:36'),(210002,450001,NULL,'KIA','RIO',2018,189999,'poor',5500.00,'USD','{\"minPrice\":4500,\"maxPrice\":6500,\"factors\":\"The 2018 KIA RIO is generally an economical and reliable subcompact car. However, the high mileage (189,999 km) for a 2018 model significantly impacts its value, indicating extensive use. The \'poor\' condition further reduces the market price, suggesting potential cosmetic damage, mechanical issues, or significant wear and tear. Market demand for high-mileage, poor-condition vehicles is typically lower, leading to a reduced valuation.\",\"recommendations\":\"Given the high mileage and poor condition, the seller should focus on transparency. Document all existing issues, mechanical and cosmetic, with clear photos. If possible, address any critical safety issues or inexpensive repairs that significantly improve the car\'s appearance or functionality (e.g., a thorough cleaning, minor interior fixes). Pricing should be competitive, reflecting the car\'s condition and mileage. Selling \'as-is\' might be the most straightforward approach, targeting buyers looking for a very affordable commuter car or a project vehicle. Emphasize any recent maintenance that has been performed, if applicable.\"}','Based on the provided information stating \'Condition: poor\', it is assumed that the vehicle exhibits significant signs of wear and tear, including potential body damage (scratches, dents, rust), interior deterioration (torn upholstery, stains, broken plastics), and likely mechanical issues or deferred maintenance. Without images, a specific assessment of damage cannot be made, but the \'poor\' rating implies substantial work may be required to bring it to a more desirable state.','2026-04-07 11:50:07'),(210003,450001,NULL,'Toyota','Cayanne',2026,59999,'good',45000.00,'USD','{\"minPrice\":40000,\"maxPrice\":50000,\"factors\":\"The valuation is based on the assumption that \'Toyota Cayanne\' is a high-end, luxury SUV model, similar in market positioning to a Porsche Cayenne, but from Toyota. Key factors include the vehicle\'s very recent model year (2026), relatively low mileage for its age (though 59,999 km for a 2026 model is higher than average, suggesting significant use), and \'good\' stated condition. The brand \'Toyota\' typically implies reliability and strong resale value. However, without a real-world equivalent for a \'Toyota Cayanne\', this valuation is speculative and assumes a premium market segment.\",\"recommendations\":\"Given the fictional nature of the \'Toyota Cayanne\' model, it\'s crucial to clarify the exact vehicle. If this is a real vehicle, verify its actual make and model. For a vehicle with 59,999 km on a 2026 model, ensure all service records are meticulously documented to justify the mileage. Highlight any premium features, advanced technology, or unique selling points. A professional detailing service would enhance its appeal. Obtain a comprehensive vehicle history report to reassure potential buyers. Consider having an independent mechanic\'s inspection report available to demonstrate transparency and confirm the \'good\' condition.\"}','Based solely on the provided text, the condition is stated as \'good\'. This implies the vehicle is well-maintained, has no major mechanical issues, and exhibits only minor cosmetic wear consistent with its mileage. As no images were provided, a visual assessment is not possible.','2026-04-07 11:52:29'),(210004,450001,NULL,'Toyota','ferrari',2026,59999,'good',0.00,'USD','{\"minPrice\":0,\"maxPrice\":0,\"factors\":\"The provided car details contain significant inconsistencies (Brand: Toyota, Model: Ferrari; Year: 2026 for a car that has 59,999 km). A 2026 model year car is not yet available for sale or has not accumulated such mileage. Therefore, a realistic valuation cannot be provided with the current information. If this is a hypothetical scenario, the car details are contradictory for a real-world valuation.\",\"recommendations\":\"Please provide accurate and consistent car details, including the correct brand and model, a realistic model year, and actual mileage. If images are available, please include them for a comprehensive condition assessment. Without valid information, any valuation would be speculative and unreliable.\"}','No images were provided for assessment. The textual description states \'good\' condition, but this cannot be verified without visual evidence. Given the contradictory details, the \'good\' condition is also highly questionable.','2026-04-07 11:53:06'),(210005,450001,NULL,'KIA','ferrari',2026,59999,'good',0.00,'USD','{\"minPrice\":0,\"maxPrice\":0,\"factors\":\"The car details provided contain a significant contradiction: \'Brand: KIA\' and \'Model: ferrari\'. Ferrari is a distinct brand, not a model of KIA. This makes a realistic valuation impossible without clarification. Additionally, a 2026 model year car with 59,999 kilometers is highly unusual, as 2026 has not yet occurred, implying either a typo in the year or the kilometers. If the year is indeed 2026, the car would be brand new or pre-production, making the mileage impossible. If the year is a typo and meant to be an older year, the valuation would change drastically. Without accurate and consistent information, any valuation would be speculative and unreliable.\",\"recommendations\":\"The seller must immediately clarify the brand and model of the vehicle. Is it a KIA, or is it a Ferrari? These are vastly different manufacturers with entirely different market values. The year (2026) and kilometers (59,999) also need to be corrected for consistency and accuracy. Once these fundamental details are rectified, a proper valuation can be performed. Provide clear, high-resolution images of the vehicle\'s exterior, interior, engine bay, and any specific areas of wear or damage to allow for a thorough condition assessment. Without accurate information, selling the vehicle will be difficult, as potential buyers will be confused by the conflicting details.\"}','No images were provided. Based solely on the \'good\' condition stated in the text, it suggests the vehicle is well-maintained for its (unspecified actual) age and mileage, with no significant cosmetic or mechanical issues. However, this is an assumption without visual evidence.','2026-04-07 11:53:27'),(240001,1,NULL,'BMW','328i',2016,80000,'good',19500.00,'USD','{\"minPrice\":17500,\"maxPrice\":21500,\"factors\":\"The valuation is based on the car\'s year (2016), model (BMW 328i), and mileage (80,000 km, which is approximately 50,000 miles). BMW 3 Series models from this era generally hold their value well, especially with consistent maintenance. Key factors include the car\'s overall cosmetic condition, mechanical soundness, service history, optional features (e.g., M Sport package, premium sound, navigation), and local market demand for luxury sedans. The \'good\' condition provided by the user is a significant factor, implying no major issues.\",\"recommendations\":\"For the seller, I recommend ensuring all service records are meticulously organized and available to potential buyers, as a complete service history adds significant value. A professional detail, both interior and exterior, would enhance its appeal. Address any minor cosmetic imperfections, if present, to maximize the selling price. High-quality photographs of the interior, engine bay, and undercarriage would also be beneficial. Highlighting any desirable optional features or packages (e.g., M Sport, premium sound, advanced driver-assistance systems) in the listing can attract more buyers. Consider a pre-purchase inspection report to instill confidence in potential buyers.\"}','Based on the provided images, the exterior of the BMW 328i appears to be in very good condition. The black paint shows a strong reflection, suggesting a well-maintained finish with no obvious major dents, scratches, or paint imperfections visible from the angles provided. The headlights are clear, and the grille and front bumper appear intact. The alloy wheels are clean with no visible curb rash. The tires appear to have good tread, though specific depth cannot be determined. The car presents well for its age and mileage, aligning with the \'good\' condition description. No interior images were provided, so the assessment is limited to the exterior.','2026-04-07 12:41:12'),(240002,1,NULL,'BMW','328i',2016,150000,'good',14500.00,'USD','{\"minPrice\":12000,\"maxPrice\":17000,\"factors\":\"Year (2016) and model (BMW 328i) are popular but the high mileage (150,000 km) significantly impacts value. Market demand for used luxury sedans, regional pricing variations, and the car\'s overall maintenance history (not provided but assumed good based on condition) are key. The car\'s trim level and optional features (e.g., M Sport package, navigation, premium sound) would also influence the price, but these details are not available.\",\"recommendations\":\"To maximize sale price, ensure all maintenance records are available to demonstrate consistent care, especially given the high mileage. A professional detailing of both interior and exterior would be beneficial. Address any minor cosmetic imperfections. Highlight any desirable optional features. Consider a pre-sale inspection to identify and fix any minor mechanical issues, providing buyers with confidence. Be prepared to negotiate, as high mileage can deter some buyers.\"}','Based on the provided images, the exterior appears to be in good condition. The paint has a good shine, and there are no immediately visible major dents or scratches. The wheels look clean with no obvious curb rash. The headlights are clear. However, without interior images, engine bay details, or a full walk-around, a comprehensive assessment is limited. The \'good\' condition provided in the details aligns with the visual assessment of the exterior.','2026-04-07 12:42:00'),(240003,1560039,NULL,'BMW','328i',2016,150000,'fair',12000.00,'USD','{\"minPrice\":10500,\"maxPrice\":13500,\"factors\":\"The valuation is based on the car\'s brand (BMW), model (328i), year (2016), and mileage (150,000 km, which is approximately 93,200 miles). The stated \'fair\' condition is a significant factor. BMW 3-series models generally hold their value reasonably well, but higher mileage for a luxury brand can reduce market appeal. Local market demand for used luxury sedans and the car\'s service history (not provided, but assumed to be average) also influence the price.\",\"recommendations\":\"For the seller, it is recommended to compile a complete service history to demonstrate proper maintenance, which can justify a higher price. Address any minor cosmetic imperfections (e.g., small scratches, interior wear) as these can deter potential buyers. A professional detail, including interior cleaning, would also enhance appeal. Be prepared for potential buyers to inquire about major service items (e.g., transmission fluid, spark plugs, suspension components) given the mileage. High-quality photos of the interior, engine bay, and any specific features or upgrades should be provided. Pricing competitively within the fair condition range, considering the high mileage, will be key to a quick sale.\"}','Based on the provided images, the exterior appears to be in good visual condition for its age and mileage. The paint shows a good shine, and there are no immediately visible major dents, scratches, or panel gaps. The wheels appear clean with no significant curb rash. The headlights are clear, indicating good maintenance or recent restoration. However, a full assessment would require inspecting the interior, engine bay, undercarriage, and a test drive to confirm mechanical soundness, which is crucial for a car with 150,000 km. The \'fair\' condition provided in the details suggests there might be some wear and tear not visible in the exterior shots, possibly interior wear, minor mechanical issues, or service history gaps.','2026-04-07 13:04:46'),(240004,1560039,NULL,'BMW','328i',2016,150000,'fair',12500.00,'USD','{\"minPrice\":10500,\"maxPrice\":14500,\"factors\":\"The valuation for a 2016 BMW 328i with 150,000 kilometers (approximately 93,200 miles) is primarily influenced by its age, high mileage for its class, and the stated \'fair\' condition. BMWs, especially older models with higher mileage, experience significant depreciation. Maintenance history, trim level, optional features (e.g., M Sport package, navigation, premium sound), and regional market demand also play crucial roles. A clean title and accident history are assumed for this estimate. The market for luxury sedans with higher mileage can be competitive, impacting the final sale price.\",\"recommendations\":\"For the seller, I recommend obtaining a comprehensive vehicle history report (e.g., CarFax or AutoCheck) to verify mileage, service records, and accident history. Highlight any recent major maintenance or repairs, as this can reassure buyers given the higher mileage. Professional detailing of both the interior and exterior will significantly improve its appeal. Address any visible cosmetic imperfections like the wheel curb rash if possible. Take high-quality photos of the interior, engine bay, and any unique features. Be prepared to negotiate, as buyers may use the mileage and \'fair\' condition as leverage. Emphasize the car\'s luxury features and driving dynamics to attract enthusiasts.\"}','Based on the provided image, the exterior appears to be in generally good condition for its age and stated \'fair\' condition. The paint has a good reflection, suggesting it\'s been maintained, though minor swirl marks or imperfections are common. The wheels show some curb rash on the front passenger wheel, which is typical. The headlights appear clear, and the front bumper and grille are intact. Without interior images or a more detailed inspection, a comprehensive assessment is limited, but the exterior does not show major visible damage or neglect from this angle. The car appears to be a 4-series Gran Coupe (F36) rather than a 3-series sedan (F30) based on the body style, which could slightly affect pricing, as the 4-series Gran Coupe typically commands a slightly higher premium than a comparable 3-series sedan.','2026-04-07 13:04:56'),(270001,1560039,NULL,'BMW','328i',2016,150000,'fair',12500.00,'USD','## Valuation Analysis for 2016 BMW 328i\n\n### Estimated Market Value\n**USD 12,500**\n\nPrice Range: USD 10,500 - 14,500\n\n### Valuation Factors\nThe 2016 BMW 328i is a desirable model, but the high mileage (150,000 km, which is approximately 93,200 miles) significantly impacts its value. While BMWs are known for durability, this mileage suggests potential for upcoming maintenance. The \'fair\' condition also indicates visible wear and tear, which further reduces the price. Market demand for older luxury sedans with higher mileage can be variable. Options and trim level (e.g., M Sport package, premium sound) could slightly influence the price, but the mileage and condition are the primary drivers.\n\n### Lebanese Market Analysis\nMarket analysis not available\n\n### Condition Assessment\nBased on the provided images, the exterior appears to be in generally good condition for its age and stated \'fair\' condition, with a clean paint finish and no immediately visible major dents or scratches. The wheels look well-maintained. The headlights are clear, which is good. However, without interior images or detailed close-ups of all body panels, tires, and undercarriage, a comprehensive assessment is limited. The \'fair\' condition description suggests there might be minor cosmetic imperfections or mechanical issues not visible in the provided exterior shots.\n\n### Recommendations for Seller\nFor the seller, a thorough detailing (interior and exterior) would be beneficial to maximize visual appeal. Address any minor cosmetic flaws or mechanical issues that fall within the \'fair\' condition description to improve perceived value. Gather all service records to demonstrate consistent maintenance, which is crucial for a high-mileage vehicle. Highlight any premium features or recent maintenance. Be prepared for negotiations, as buyers will likely focus on the mileage. Consider a pre-purchase inspection report to build buyer confidence. Pricing competitively within the stated range, perhaps starting closer to the higher end and being flexible, would be a good strategy.','Based on the provided images, the exterior appears to be in generally good condition for its age and stated \'fair\' condition, with a clean paint finish and no immediately visible major dents or scratches. The wheels look well-maintained. The headlights are clear, which is good. However, without interior images or detailed close-ups of all body panels, tires, and undercarriage, a comprehensive assessment is limited. The \'fair\' condition description suggests there might be minor cosmetic imperfections or mechanical issues not visible in the provided exterior shots.','2026-04-07 21:43:46'),(270002,1560039,NULL,'Honda','Pilot',2013,150000,'fair',9000.00,'USD','## Valuation Analysis for 2013 Honda Pilot\n\n### Estimated Market Value\n**USD 9,000**\n\nPrice Range: USD 8,000 - 10,500\n\n### Valuation Factors\nThe 2013 Honda Pilot is a popular mid-size SUV known for its reliability, spacious interior, and family-friendly features. The \'Touring\' trim, visible in the image, is the top-tier model, which includes premium features like navigation, leather seats, and a rear entertainment system (though not confirmed by images), adding to its value. The mileage of 150,000 km (approximately 93,200 miles) is moderate for a 2013 vehicle, indicating regular use but not excessively high. Honda\'s strong resale value and the Pilot\'s reputation for longevity help maintain its market price. The overall exterior appearance, as seen in the images, suggests a well-maintained vehicle for its age, but minor cosmetic imperfections are expected.\n\n### Lebanese Market Analysis\nMarket analysis not available\n\n### Condition Assessment\nBased on the provided images and the \'fair\' condition description, the exterior appears to be in generally good shape for its age and mileage. The paint has a good shine, suggesting it has been cared for. There are some visible scratches on the rear bumper, particularly on the lower plastic trim and potentially on the painted section below the tailgate, which is consistent with a \'fair\' rating. The tires appear to have decent tread, and the alloy wheels show minor wear but no significant damage. The body panels look straight with no obvious dents or major rust visible. The \'Touring\' and \'4WD\' badges are present, confirming the trim level and drivetrain. The roof rails and running boards are also visible, adding to the utility and appearance. Without interior images or mechanical inspection, a full assessment is limited, but the exterior suggests a vehicle that has been used but not neglected.\n\n### Recommendations for Seller\nFor the seller, it is recommended to address the visible scratches on the rear bumper. This could involve professional detailing or touch-up paint, which can significantly improve the perceived value. A thorough interior cleaning and detailing would also be beneficial, as a clean interior greatly enhances buyer appeal. Ensure all maintenance records are organized and available to potential buyers, as this builds trust and justifies the price. Highlight the \'Touring\' trim\'s premium features (e.g., navigation, leather, rear entertainment, if applicable) in the listing. Consider having a pre-sale mechanical inspection to identify and potentially address any minor issues, allowing for transparent disclosure and preventing surprises during a buyer\'s inspection. Price competitively within the local market for similar 2013 Honda Pilot Touring 4WD models with comparable mileage and condition.','Based on the provided images and the \'fair\' condition description, the exterior appears to be in generally good shape for its age and mileage. The paint has a good shine, suggesting it has been cared for. There are some visible scratches on the rear bumper, particularly on the lower plastic trim and potentially on the painted section below the tailgate, which is consistent with a \'fair\' rating. The tires appear to have decent tread, and the alloy wheels show minor wear but no significant damage. The body panels look straight with no obvious dents or major rust visible. The \'Touring\' and \'4WD\' badges are present, confirming the trim level and drivetrain. The roof rails and running boards are also visible, adding to the utility and appearance. Without interior images or mechanical inspection, a full assessment is limited, but the exterior suggests a vehicle that has been used but not neglected.','2026-04-07 21:46:25'),(300001,1560039,NULL,'Honda','Pilot',2013,150000,'fair',8500.00,'USD','## Valuation Analysis for 2013 Honda Pilot\n\n### Estimated Market Value\n**USD 8,500**\n\nPrice Range: USD 7,500 - 9,500\n\n### Valuation Factors\nThe valuation is based on the vehicle being a 2013 Honda Pilot with 150,000 kilometers (approximately 93,200 miles). Key factors include the vehicle\'s age, mileage, and the \'Touring AWD\' trim level indicated by the badge, which is a higher-end trim. Honda\'s reputation for reliability and the Pilot\'s strong resale value in the SUV segment are positive factors. However, the \'fair\' condition assessment, including visible scratches and wear, and the age of the vehicle, contribute to depreciation. The market demand for used SUVs in this price range also plays a role.\n\n\n\n### Condition Assessment\nBased on the provided images and the \'fair\' condition stated, the exterior appears to be in decent overall shape for its age and mileage, but shows signs of wear. There are noticeable scratches on the rear bumper, particularly on the passenger side, and some scuffs on the lower plastic trim. The paint finish appears to have some minor imperfections consistent with a vehicle of this age. The tires seem to have reasonable tread, and the alloy wheels are in fair condition with some minor curb rash visible. The body panels appear straight with no major dents evident from the angles provided. The chrome accents and roof rails are present and appear intact. The \'Touring AWD\' badge is visible, indicating a higher trim level.\n\n### Recommendations for Seller\nTo maximize the sale price, the seller should consider addressing the visible scratches on the rear bumper and any other minor paint imperfections through paint correction or touch-ups. A thorough professional detailing, including interior cleaning (though not visible in images), would significantly improve curb appeal. Ensure all maintenance records are organized and available to demonstrate a history of care. Highlight the \'Touring AWD\' trim and its features (e.g., navigation, leather seats, rear-seat entertainment if applicable) in the listing. Consider getting a pre-sale inspection to identify and fix any minor mechanical issues, which can build buyer confidence. Take more comprehensive photos, including the interior, engine bay, and all four sides of the vehicle.','Based on the provided images and the \'fair\' condition stated, the exterior appears to be in decent overall shape for its age and mileage, but shows signs of wear. There are noticeable scratches on the rear bumper, particularly on the passenger side, and some scuffs on the lower plastic trim. The paint finish appears to have some minor imperfections consistent with a vehicle of this age. The tires seem to have reasonable tread, and the alloy wheels are in fair condition with some minor curb rash visible. The body panels appear straight with no major dents evident from the angles provided. The chrome accents and roof rails are present and appear intact. The \'Touring AWD\' badge is visible, indicating a higher trim level.','2026-04-07 22:22:18'),(330001,450001,NULL,'KIA','RIO',2017,150000,'good',7500.00,'USD','{\"minPrice\":6800,\"maxPrice\":8200,\"factors\":\"The valuation for this 2017 KIA RIO with 150,000 kilometers is primarily influenced by its age, mileage, and reported \'good\' condition. KIA RIOs are known for their reliability and fuel efficiency, making them attractive in the used car market. However, 150,000 kilometers is a relatively high mileage for a 2017 model, which will depress the value compared to lower mileage examples. The \'good\' condition suggests no significant cosmetic or mechanical issues, which helps maintain its value. Market demand for compact, economical cars also plays a role.\",\"recommendations\":\"For the seller, it is recommended to compile a complete service history to demonstrate consistent maintenance, which can justify a higher price. Highlight the car\'s fuel efficiency and reliability in the listing. Professional detailing of both the interior and exterior will significantly enhance its appeal. Address any minor cosmetic imperfections or small repairs before listing. When setting the price, be prepared to negotiate, as the higher mileage might be a point of contention for potential buyers. Consider offering a pre-purchase inspection report to build buyer confidence.\"}','Based on the provided information stating \'good\' condition, it is assumed that the vehicle has no major dents, scratches, or rust on the exterior. The interior is likely clean and well-maintained with minimal wear and tear. Mechanically, it is presumed to be in sound working order, with all major components functioning correctly and no immediate need for significant repairs. Regular maintenance records, if available, would further support this assessment.','2026-04-09 21:27:32'),(330002,450001,NULL,'KIA','RIO',2017,150000,'good',8500.00,'USD','{\"minPrice\":7800,\"maxPrice\":9200,\"factors\":\"The valuation for the 2017 KIA RIO with 150,000 kilometers is primarily influenced by its age, mileage, and reported \'good\' condition. KIA RIOs are known for their reliability and fuel efficiency, making them popular in the used car market. However, 150,000 kilometers is considered high mileage for a 2017 model, which significantly impacts its value. The \'good\' condition helps maintain a reasonable price, assuming no major mechanical issues or significant cosmetic damage. Market demand for compact, economical vehicles also plays a role, generally keeping prices stable for well-maintained examples.\",\"recommendations\":\"For the seller, it is recommended to obtain a professional pre-sale inspection to identify any minor issues that could be addressed to enhance value and buyer confidence. Thoroughly clean and detail the car, both interior and exterior. Gather all service records to demonstrate a history of regular maintenance, which can justify the mileage. Highlight features such as fuel economy, reliability, and any recent maintenance or tire replacements. When listing, take high-quality photos from multiple angles, including the interior, engine bay, and odometer. Be transparent about the vehicle\'s history and any known imperfections.\"}','Based solely on the provided text description of \'good\' condition, it is assumed the vehicle has no major mechanical faults, the interior and exterior show only minor wear consistent with its age and mileage, and all primary functions are operational. Without images or a detailed inspection report, a more precise assessment is not possible.','2026-04-09 21:28:00'),(330003,450001,NULL,'Honda','Accord',1988,200000,'poor',1000.00,'USD','{\"minPrice\":500,\"maxPrice\":1500,\"factors\":\"The 1988 Honda Accord is a classic model, but its age (36 years old) and high mileage (200,000 km) significantly depress its value. The stated \'poor\' condition is the primary factor, indicating potential issues with the engine, transmission, body, interior, or other major components. While Honda\'s reputation for reliability is a positive, the car\'s current state suggests it may be more suitable for parts, a project car, or basic transportation if functional. Market demand for this specific year and model in poor condition is very low, primarily attracting hobbyists or those seeking extremely budget-friendly transport.\",\"recommendations\":\"Given the \'poor\' condition, the seller should clearly document all known issues and mechanical problems to manage buyer expectations. For a quick sale, consider offering it \'as-is\' for parts or as a project car. If the goal is to maximize value, a detailed assessment by a mechanic is crucial to identify the most critical repairs. Addressing major safety or functional issues (e.g., brakes, tires, lights) could slightly increase its appeal. However, due to its age and mileage, investing heavily in cosmetic or extensive mechanical repairs is unlikely to yield a positive return on investment. Focus on transparent communication and targeting buyers looking for a very affordable car or a restoration project.\"}','Based on the \'poor\' condition description, it is highly likely that the vehicle exhibits significant cosmetic flaws such as rust, dents, faded paint, and a worn-out interior. Mechanically, \'poor\' condition suggests that the engine may run but could have issues (e.g., oil leaks, rough idle, poor performance), the transmission might be rough or slipping, and other critical systems like brakes, suspension, and steering could require substantial repairs or replacement. This condition implies it may not be roadworthy without significant investment.','2026-04-09 21:29:08'),(360001,4140001,NULL,'Nissan','Sentra',2014,110000,'fair',7500.00,'USD','## Valuation Analysis for 2014 Nissan Sentra\n\n### Estimated Market Value\n**USD 7,500**\n\nPrice Range: USD 6,800 - 8,200\n\n### Valuation Factors\nThe valuation is based on the car\'s make (Nissan), model (Sentra), year (2014), and mileage (110,000 km). Nissan Sentras are known for reliability and fuel efficiency, making them popular in the used car market. However, the \'fair\' condition and mileage are significant depreciation factors. The presence of an aftermarket infotainment system could be a slight positive for some buyers, while the steering wheel cover and potential wear on interior surfaces (though not clearly visible in all images) might slightly detract. Market demand for compact sedans and regional pricing also play a role.\n\n\n\n### Condition Assessment\nBased on the provided images and the stated \'fair\' condition: The exterior appears generally clean with no major dents or scratches visible, though a detailed inspection would be needed to confirm. The paint finish looks consistent. The headlights show some hazing, typical for a car of this age. The tires appear to have decent tread but their age and specific condition cannot be fully assessed. The interior shows signs of use, particularly with the aftermarket infotainment system and the steering wheel cover, which suggests original steering wheel wear. The seats (especially the rear) appear to be in reasonable condition, though the material might be faux leather or a cover. Overall, the car presents as a well-used but maintained vehicle consistent with its age and mileage.\n\n### Recommendations for Seller\nTo maximize sale value, the seller should consider the following: 1. A thorough professional detail, including headlight restoration, interior cleaning, and exterior polish. 2. Address any minor mechanical issues or deferred maintenance (e.g., fluid changes, brake inspection) and have records available. 3. Consider removing the steering wheel cover to reveal the actual condition of the steering wheel; if it\'s worn, disclose this. 4. Highlight the aftermarket infotainment system as a modern upgrade. 5. Provide comprehensive service records to demonstrate diligent maintenance. 6. Take more detailed photos of the engine bay, trunk, and any specific areas of wear or damage. 7. Be prepared to negotiate, as the \'fair\' condition and mileage will attract buyers looking for a budget-friendly option.','Based on the provided images and the stated \'fair\' condition: The exterior appears generally clean with no major dents or scratches visible, though a detailed inspection would be needed to confirm. The paint finish looks consistent. The headlights show some hazing, typical for a car of this age. The tires appear to have decent tread but their age and specific condition cannot be fully assessed. The interior shows signs of use, particularly with the aftermarket infotainment system and the steering wheel cover, which suggests original steering wheel wear. The seats (especially the rear) appear to be in reasonable condition, though the material might be faux leather or a cover. Overall, the car presents as a well-used but maintained vehicle consistent with its age and mileage.','2026-04-11 01:19:33'),(360002,4140001,NULL,'Nissan','Sentra',2014,50000,'good',8000.00,'USD','## Valuation Analysis for 2014 Nissan Sentra\n\n### Estimated Market Value\n**USD 8,000**\n\nPrice Range: USD 7,000 - 9,000\n\n### Valuation Factors\nThe 2014 Nissan Sentra is a reliable compact sedan known for its fuel efficiency and practicality. Key factors influencing this valuation include the relatively low mileage for its age (50,000 km), which is a significant positive. The \'good\' stated condition and the visual assessment from the images suggest a well-maintained vehicle. Demand for used compact sedans like the Sentra remains steady. However, the age of the vehicle (10 years old) and the presence of an aftermarket infotainment system (which might appeal to some but deter others looking for original equipment) are also considered. The specific trim level (not provided but assumed to be a mid-range based on visuals) and regional market demand would also play a role.\n\n\n\n### Condition Assessment\nBased on the provided images, the exterior of the 2014 Nissan Sentra appears to be in good condition with a clean silver paint finish, no obvious major dents or scratches, and clear headlights. The wheels and tires seem well-maintained. The interior images show a clean cabin, with the rear seats in good condition, showing minimal wear. The dashboard is clean, and while there\'s an aftermarket infotainment unit, it appears professionally installed. The steering wheel cover suggests some protection or minor wear underneath, but overall, the interior looks well-kept and consistent with the low mileage.\n\n### Recommendations for Seller\nTo maximize the sale price, the seller should ensure all maintenance records are available to demonstrate a history of good care. A professional detailing of both the interior and exterior would further enhance its appeal. Consider having the car inspected by an independent mechanic to provide a clean bill of health, which can reassure potential buyers. Highlight the low mileage and the clean interior in the listing. If the original infotainment system is available, offer it to the buyer as some prefer factory equipment. Pricing competitively within the suggested range, considering local market trends, will be crucial for a swift sale.','Based on the provided images, the exterior of the 2014 Nissan Sentra appears to be in good condition with a clean silver paint finish, no obvious major dents or scratches, and clear headlights. The wheels and tires seem well-maintained. The interior images show a clean cabin, with the rear seats in good condition, showing minimal wear. The dashboard is clean, and while there\'s an aftermarket infotainment unit, it appears professionally installed. The steering wheel cover suggests some protection or minor wear underneath, but overall, the interior looks well-kept and consistent with the low mileage.','2026-04-11 01:20:11'),(360003,4140001,NULL,'Nissan','Sentra',2014,50000,'good',8500.00,'USD','## Valuation Analysis for 2014 Nissan Sentra\n\n### Estimated Market Value\n**USD 8,500**\n\nPrice Range: USD 7,500 - 9,500\n\n### Valuation Factors\nThe valuation is based on the car\'s year (2014), relatively low mileage for its age (50,000 km or approximately 31,000 miles), and the overall good condition suggested by the images. Nissan Sentras are known for reliability and fuel efficiency, which contributes to their market appeal. The car appears to be a base or mid-trim model. The aftermarket infotainment system could be a positive or negative factor depending on buyer preference and quality of installation.\n\n\n\n### Condition Assessment\nBased on the provided images, the car appears to be in good overall condition. The exterior paint (silver) shows a consistent finish with no obvious major dents or scratches visible. Headlights appear clear. The wheels and tires seem standard and in reasonable condition. The interior shows signs of good maintenance; the rear seats are clean and well-preserved. The front interior features an aftermarket infotainment system, which is a notable modification. The steering wheel has a cover, which might hide wear or simply be for protection. Overall, the car seems to have been cared for, consistent with the \'good\' condition description.\n\n### Recommendations for Seller\nTo maximize the selling price, ensure all maintenance records are available, as the low mileage suggests regular servicing. Highlight the low mileage and the clean interior/exterior. Consider having the car professionally detailed, especially the engine bay and undercarriage, to impress potential buyers. If the aftermarket infotainment system was professionally installed and is fully functional, emphasize this as an upgrade. Be prepared to provide a vehicle history report (e.g., CarFax) to build buyer confidence. Pricing competitively within the suggested range, considering local market demand and any specific features or upgrades, will be key.','Based on the provided images, the car appears to be in good overall condition. The exterior paint (silver) shows a consistent finish with no obvious major dents or scratches visible. Headlights appear clear. The wheels and tires seem standard and in reasonable condition. The interior shows signs of good maintenance; the rear seats are clean and well-preserved. The front interior features an aftermarket infotainment system, which is a notable modification. The steering wheel has a cover, which might hide wear or simply be for protection. Overall, the car seems to have been cared for, consistent with the \'good\' condition description.','2026-04-11 01:20:55');
/*!40000 ALTER TABLE `valuations` ENABLE KEYS */;
UNLOCK TABLES;
/*!40103 SET TIME_ZONE=@OLD_TIME_ZONE */;

/*!40101 SET SQL_MODE=@OLD_SQL_MODE */;
/*!40014 SET FOREIGN_KEY_CHECKS=@OLD_FOREIGN_KEY_CHECKS */;
/*!40014 SET UNIQUE_CHECKS=@OLD_UNIQUE_CHECKS */;
/*!40101 SET CHARACTER_SET_CLIENT=@OLD_CHARACTER_SET_CLIENT */;
/*!40101 SET CHARACTER_SET_RESULTS=@OLD_CHARACTER_SET_RESULTS */;
/*!40101 SET COLLATION_CONNECTION=@OLD_COLLATION_CONNECTION */;
/*!40111 SET SQL_NOTES=@OLD_SQL_NOTES */;

-- Dump completed on 2026-04-15  1:05:08
